filename,brand,product_name,class_label,gender_code,category_code,class_code,color_code,style_code,price,discount_rate,review_count,heart_count,color_score,style_score
M_top_p01_3873884.jpg,토마스모어,튜블러 티,남성_상의,0,0,1,4,6,19910,16.0,78,1888,0.4067,0.5099
M_top_p01_1501688.jpg,쿠어,수피마 코튼 티셔츠,남성_상의,0,0,1,10,5,44900,45.0,627,3356,0.559,0.3594
M_top_p01_993892.jpg,이스트로그 퍼머넌트,ONE POCKET T-SHIRT new ver.,남성_상의,0,0,1,10,5,45600,5.0,2124,10503,0.3045,0.7409
M_top_p01_3873762.jpg,토마스모어,인디고 씬 스트라이프 티,남성_상의,0,0,1,2,3,33350,16.0,26,772,0.4051,0.372
M_top_p01_2014534.jpg,러프사이드,Primary Half Sleeve,남성_상의,0,0,1,10,5,46500,5.0,399,4445,0.4288,0.6655
M_top_p01_1475250.jpg,곤니치와봉쥬르,Cb SUMMER T SET,남성_상의,0,0,1,5,5,37600,52.0,1470,19876,0.3318,0.6311
M_top_p01_3354294.jpg,브론슨,10.6 oz Cotton Short Sleeve Henley Tee Dark Grey,남성_상의,0,0,1,1,4,40550,23.0,181,503,0.4466,0.4255
M_top_p01_3821143.jpg,로우클래식,Lc 23 TEE,남성_상의,0,0,1,10,5,59000,0.0,39,1709,0.6004,0.4521
F_bottom_p01_3792611.jpg,가니송,Bridal Still Line One-piece,여성_하의,1,1,8,1,2,182070,24.0,22,4121,0.6145,0.2493
F_bottom_p01_2173677.jpg,신스덴,로맨티크 롱원피스,여성_하의,1,1,8,10,2,118500,25.0,64,8667,0.7995,0.5585
F_bottom_p01_3297174.jpg,트위,플브 슬리브리스 롱 원피스,여성_하의,1,1,8,10,3,26530,34.0,49,2717,0.9352,0.6143
F_bottom_p01_3731319.jpg,포 유어 아이즈 온리,Tia Shirring Maxi Dress (Gray Stripe),여성_하의,1,1,8,0,3,100130,19.0,30,2134,0.4175,0.3572
F_bottom_p01_3817019.jpg,뉴욕웍스,LACE ASYMMETRIC SLIP LAYERED DRESS,여성_하의,1,1,8,10,5,38250,30.0,19,4031,0.9493,0.2367
F_bottom_p01_3781613.jpg,아우어솔티,Bohemian Pintuck Mini Dress / Ivory,여성_하의,1,1,8,10,0,192750,30.0,13,3458,0.5551,0.2231
F_bottom_p01_3442046.jpg,라메레이,Classic Sleeveless Dress-Black,여성_하의,1,1,8,1,1,184920,19.0,82,4423,0.6309,0.2941
F_bottom_p01_3771616.jpg,파르벵,VELORA SHIRRING SHEER DRESS,여성_하의,1,1,8,0,5,209000,0.0,43,3198,0.4628,0.3224
F_bottom_p01_3167306.jpg,플로움,Tidy Iconic Dress - Mini,여성_하의,1,1,8,10,3,223200,10.0,32,6529,0.7513,0.3202
F_bottom_p01_3441995.jpg,라메레이,Sheer Layered Tie Dress-Black,여성_하의,1,1,8,1,3,209150,19.0,47,4512,0.5518,0.2945
F_bottom_p02_3804056.jpg,잇미샤,잇미샤 스퀘어넥 벨티드 원피스 ITQ2ZOP440,여성_하의,1,1,8,0,3,149280,40.0,1,369,0.4982,0.3198
F_bottom_p02_2809434.jpg,플로움,Diana Drape Sleeveless Dress,여성_하의,1,1,8,10,2,295200,10.0,69,18555,0.3337,0.3806
F_bottom_p02_3255537.jpg,오브베이지,CREASE SHEER LAYERED OPS_PEACH PINK,여성_하의,1,1,8,7,5,169500,19.0,53,3762,0.6416,0.422
F_bottom_p02_3255900.jpg,오프닝선샤인,Sleeveless Ruffle Tiered Long Dress,여성_하의,1,1,8,10,3,112250,19.0,4,1668,0.5609,0.273
F_bottom_p02_3360514.jpg,아유서울,"LACE SQUARE NECK MINI DRESS, WHITE",여성_하의,1,1,8,10,1,120110,23.0,59,2471,0.6633,0.4058
F_bottom_p02_3450122.jpg,오떼뜨,MAY THE FLARE OPS,여성_하의,1,1,8,1,2,120950,35.0,41,3283,0.7826,0.2435
F_bottom_p02_3457651.jpg,어다울,Wave ruffle line long dress - ivory,여성_하의,1,1,8,10,3,119510,19.0,11,3487,0.3385,0.3051
F_bottom_p02_3728400.jpg,드로우핏 우먼,핀턱 셔링 미디 원피스,여성_하의,1,1,8,0,4,68670,37.0,3,1018,0.5094,0.4933
F_bottom_p02_3755501.jpg,룩캐스트,마야 핀턱 레이스 코튼 미디 드레스_화이트 / MAYA PINTUCK LACE COTTON MIDI DRESS,여성_하의,1,1,8,10,5,89100,40.0,4,352,0.4727,0.3613
F_bottom_p02_3757328.jpg,라메레이,Cap Sleeve Boat-Neck Dress-Black,여성_하의,1,1,8,1,2,176850,19.0,4,677,0.6134,0.4776
F_bottom_p02_3757349.jpg,라메레이,Tie V-Neck Dress-Black,여성_하의,1,1,8,1,2,209150,19.0,5,803,0.5962,0.3272
F_bottom_p02_3768145.jpg,에트몽,"Slip Crinkle Frill Mini Dress, White",여성_하의,1,1,8,10,6,99540,37.0,0,836,0.5436,0.1781
F_bottom_p02_3775062.jpg,미치코런던 코시노,Puff Sleeve Ribbon Mini Dress Black,여성_하의,1,1,8,1,5,76720,19.0,3,971,0.7497,0.3996
F_bottom_p02_3789185.jpg,퀸스래빗,Vetiver Silky V-Neck Shirring Maxi Dress,여성_하의,1,1,8,10,2,139290,30.0,3,1081,0.6561,0.5046
F_bottom_p02_3821031.jpg,그린버터,Dot Lace Slip Dress (Ivory),여성_하의,1,1,8,10,4,65410,31.0,14,295,0.3915,0.2914
F_bottom_p02_3822437.jpg,메리온,비네트 레이어드 원피스,여성_하의,1,1,8,10,7,129290,23.0,2,598,0.3975,0.3347
F_bottom_p02_3828726.jpg,쥴리앤칼라,26SS Calla135 쉬비긴즈 엘라플리츠 트위드 원피스 세레모니 하객룩,여성_하의,1,1,8,10,4,190720,36.0,2,509,0.3715,0.5178
F_bottom_p03_1817470.jpg,가니송,LMJ Gold Button Wrap One-piece,여성_하의,1,1,8,1,4,166770,24.0,191,13675,0.7405,0.3815
F_bottom_p03_2009468.jpg,모멧,덴 앞슬릿 박시 원피스 블랙,여성_하의,1,1,8,1,3,63580,28.0,180,3702,0.7206,0.4902
F_bottom_p03_2173687.jpg,신스덴,브라이트 나시 원피스,여성_하의,1,1,8,6,7,111000,25.0,23,2369,0.9086,0.2664
F_bottom_p03_2419646.jpg,플로움,The Moon Dress - Long,여성_하의,1,1,8,6,4,295200,10.0,167,11505,0.2957,0.4242
F_bottom_p03_2419695.jpg,플로움,Heart Wave Dress,여성_하의,1,1,8,1,3,253300,15.0,30,5908,0.7442,0.4415
F_bottom_p03_2419699.jpg,플로움,Cocktail Heart Neck Dress,여성_하의,1,1,8,10,2,295200,10.0,172,10413,0.7646,0.3094
F_bottom_p03_2419704.jpg,플로움,Classic Sailor Collar Dress,여성_하의,1,1,8,0,5,253300,15.0,150,6062,0.8851,0.543
F_bottom_p03_2636094.jpg,가니송,Misty Pumpkin One-piece,여성_하의,1,1,8,1,5,110840,32.0,144,7513,0.8859,0.3406
F_bottom_p03_2781538.jpg,플로움,Bella Mini Dress,여성_하의,1,1,8,1,4,219300,15.0,79,9880,0.71,0.3829
F_bottom_p03_2809409.jpg,아틀리에 나인,LOND2 WAIST TUCK BLOUSE (Z-BL-4287),여성_하의,1,1,8,10,2,50150,15.0,589,41030,0.7062,0.266
F_bottom_p03_3056406.jpg,가니송,Bridal Aurora Petals Dress,여성_하의,1,1,8,10,2,504000,14.0,1,1115,0.8715,0.505
F_bottom_p03_3167294.jpg,플로움,British Classic Dress,여성_하의,1,1,8,1,2,286200,10.0,36,4386,0.6664,0.5494
F_bottom_p03_3203519.jpg,스텝어라운드,Pleated sleeveless one-piece,여성_하의,1,1,8,10,3,130130,31.0,11,1851,0.5465,0.2837
F_bottom_p03_3232640.jpg,드헤베,Dart Back Ribbon Dress,여성_하의,1,1,8,1,2,68290,35.0,24,6379,0.7794,0.4867
F_bottom_p03_3328501.jpg,어반드레스,Veil Dress,여성_하의,1,1,8,1,0,62400,20.0,13,1622,0.5642,0.232
F_bottom_p03_3369757.jpg,오브베이지,LAYER DRAPE LONG OPS_PEACH PINK,여성_하의,1,1,8,0,2,143820,24.0,16,1913,0.1944,0.3431
F_bottom_p03_3416891.jpg,슬로우롤리,Ribbon shirring sleeveless dress,여성_하의,1,1,8,10,2,90860,40.0,100,1273,0.6559,0.4071
F_bottom_p03_3432101.jpg,루시르주,Thalia Belted Boatneck Dress,여성_하의,1,1,8,1,2,156390,28.0,13,1459,0.5355,0.3295
F_bottom_p03_3521751.jpg,그레이스유,Isabel Halter-Neck One-piece,여성_하의,1,1,8,1,2,294000,0.0,10,1558,0.5726,0.4604
F_bottom_p03_3524223.jpg,세이지먼트,DERPI TWIST STRAP DRESS,여성_하의,1,1,8,1,3,132660,35.0,41,3646,0.7576,0.2865
F_bottom_p03_3632108.jpg,세릭,Lace Slip Dress _ Ivory,여성_하의,1,1,8,10,5,97200,10.0,31,1748,0.8808,0.5805
F_bottom_p03_3709445.jpg,메리온,코린 스트라이프 원피스,여성_하의,1,1,8,1,1,109400,23.0,22,5459,0.7448,0.4624
F_bottom_p03_3720740.jpg,메리온,페브 카라 원피스,여성_하의,1,1,8,1,4,129290,23.0,2,1183,0.4548,0.3438
F_bottom_p03_3724604.jpg,잇미샤,잇미샤 트위드 미니 원피스 ITQ2ZOP870,여성_하의,1,1,8,10,5,176100,23.0,1,842,0.6769,0.3015
F_bottom_p03_3733416.jpg,아틀리에 나인,COTTON CLASSICAL KNIT CARDIGAN (CD-2259),여성_하의,1,1,8,8,5,60080,32.0,8,831,0.5562,0.3762
F_bottom_p03_3767133.jpg,루시르주,Custom Scarf Tweed Mini Dress Set,여성_하의,1,1,8,1,3,171780,27.0,2,1350,0.486,0.2534
F_bottom_p03_3767994.jpg,페스토,PINTUCK DRESS DARK LAKE,여성_하의,1,1,8,10,6,90320,28.0,2,746,0.3165,0.7217
F_bottom_p03_3775025.jpg,어다울,Oblique ribbon mini dress - white,여성_하의,1,1,8,10,5,105950,30.0,2,527,0.5464,0.3803
F_bottom_p03_3781415.jpg,씨타,Satin Layered Lace Slip Dress_CTOP714(White),여성_하의,1,1,8,4,6,76760,40.0,4,1067,0.3675,0.4732
F_bottom_p03_3795229.jpg,그레이스유,Carys H-Line One-piece,여성_하의,1,1,8,0,3,275000,0.0,0,281,0.5443,0.3353
F_bottom_p03_3828728.jpg,쥴리앤칼라,26SS Calla136 쉬비긴즈 벨라 트위드 원피스 세레모니 하객룩 옐로우,여성_하의,1,1,8,0,4,190720,36.0,2,538,0.8216,0.7015
F_bottom_p03_3828770.jpg,플로움,Luna Mermaid Dress,여성_하의,1,1,8,1,3,219300,15.0,2,243,0.7936,0.4116
F_bottom_p03_3873857.jpg,신스덴,프로미스 벌룬 미니원피스 5월8일순차발송,여성_하의,1,1,8,10,2,135200,20.0,0,337,0.8948,0.3226
F_bottom_p03_3876479.jpg,아워코모스,comos 1727 drape wrap button dress (ash blue),여성_하의,1,1,8,10,3,115200,38.0,4,1282,0.282,0.5203
F_bottom_p03_3883733.jpg,플로움,Overlay Cup Cake Three-Quarter Sleeve Dress,여성_하의,1,1,8,0,4,295800,15.0,0,189,0.6394,0.4841
F_bottom_p04_2106648.jpg,루시르주,Osborn Ribbon tied Sleeveless one-piece,여성_하의,1,1,8,10,2,116360,31.0,22,2397,0.9531,0.4069
F_bottom_p04_2134675.jpg,어다울,Jelli shirring choker long dress - ivory,여성_하의,1,1,8,10,2,155000,16.0,136,14695,0.6472,0.4995
F_bottom_p04_2416369.jpg,플로움,Classic Diana Dress,여성_하의,1,1,8,1,2,295200,10.0,238,9321,0.6802,0.5535
F_bottom_p04_2455078.jpg,르바,Stitch Mini Dress - Black (기장선택),여성_하의,1,1,8,1,3,100980,24.0,283,5192,0.8161,0.4013
F_bottom_p04_2502550.jpg,파르티멘토 우먼,PW DOUBLE LAYERED LONG SLEEVE TEE,여성_하의,1,1,8,1,5,31870,35.0,1982,21311,0.4365,0.4724
F_bottom_p04_2773836.jpg,루시르주,Special Tie up Ribbon Ops,여성_하의,1,1,8,1,3,139290,30.0,26,3104,0.518,0.3759
F_bottom_p04_2841806.jpg,마우솔레움,Jenn Round Neck Suit Jacket Dress - Grey,여성_하의,1,1,8,1,4,138300,37.0,4,2278,0.3391,0.6461
F_bottom_p04_2841811.jpg,마우솔레움,Jenn Suit Jacket Dress - Grey,여성_하의,1,1,8,1,4,137540,37.0,1,1640,0.4309,0.6429
F_bottom_p04_3073267.jpg,라메레이,Square See-through Dress-Black,여성_하의,1,1,8,1,3,176850,19.0,51,7698,0.4641,0.5836
F_bottom_p04_3164225.jpg,트위,쥬엔느 슬리브리스 원피스,여성_하의,1,1,8,10,2,33180,34.0,12,1094,0.5956,0.4473
F_bottom_p04_3207109.jpg,잇미샤,잇미샤 오픈카라 벨티드 원피스 ITP5YOP750,여성_하의,1,1,8,6,4,163860,54.0,0,423,0.4239,0.5934
F_bottom_p04_3235460.jpg,어다울,Front drawstring sleeveless long dress - white,여성_하의,1,1,8,10,4,111440,19.0,50,3772,0.7555,0.4035
F_bottom_p04_3289567.jpg,레터프롬문,벨라 레이스 펀칭 홀터넥 원피스 ( 화이트 ),여성_하의,1,1,8,10,7,85680,28.0,15,4326,0.5292,0.1758
F_bottom_p04_3316345.jpg,폴앤앨리스,STRING SLEEVELESS DRESS / WHITE,여성_하의,1,1,8,10,2,115200,10.0,7,853,0.8414,0.4195
F_bottom_p04_3321921.jpg,잇미샤,잇미샤 자켓 셋업 원피스 ITP8YOP480,여성_하의,1,1,8,1,4,223890,49.0,6,770,0.4471,0.5782
F_bottom_p04_3404491.jpg,플로움,Bibi Tweed Dress,여성_하의,1,1,8,10,4,270300,15.0,22,1649,0.3925,0.9116
F_bottom_p04_3431362.jpg,일리고,프레피 리본 플리츠 원피스 차콜,여성_하의,1,1,8,1,7,64260,34.0,7,1265,0.3964,0.2059
F_bottom_p04_3432109.jpg,루시르주,Curve-Line Dress & Ribbon Corsage,여성_하의,1,1,8,1,2,163230,28.0,22,2185,0.5284,0.4204
F_bottom_p04_3496807.jpg,어패럴아카이브,Flat pumpkin mini dress - Ivory,여성_하의,1,1,8,5,2,68090,23.0,6,2339,0.3223,0.5337
F_bottom_p04_3502393.jpg,망고매니플리즈,HEIDY COTTON ONE PIECE,여성_하의,1,1,8,10,4,114750,15.0,21,1294,0.3888,0.3649
F_bottom_p04_3593777.jpg,나이키,에어 슈퍼플라이 W - 블랙 / IB6746-001,여성_하의,1,1,8,6,5,112590,19.0,58,9356,0.5127,0.8633
F_bottom_p04_3720749.jpg,메리온,페브 카라 원피스,여성_하의,1,1,8,1,4,129290,23.0,2,1183,0.4548,0.3438
F_bottom_p04_3765762.jpg,이아,KANE CONTRAST COCOON DRESS,여성_하의,1,1,8,3,5,198000,0.0,2,299,0.3214,0.3939
F_bottom_p04_3772977.jpg,온앤온,스트링 하이넥 점퍼 NEW6SM224,여성_하의,1,1,8,0,6,203320,32.0,2,1113,0.374,0.7607
F_bottom_p04_3773177.jpg,포에토,Minita pure dress - black,여성_하의,1,1,8,1,3,114750,15.0,10,648,0.4672,0.4526
F_bottom_p04_3819073.jpg,마이스,BIG DOT PLEATED MAXI DRESS / BLACK,여성_하의,1,1,8,1,5,109480,31.0,4,478,0.3905,0.3826
F_bottom_p04_3821114.jpg,로우클래식,LACE MIDI DRESS,여성_하의,1,1,8,10,1,109650,15.0,2,329,0.6405,0.4044
F_bottom_p04_3821116.jpg,로우클래식,LACE MIDI DRESS,여성_하의,1,1,8,10,1,109650,15.0,2,329,0.6405,0.4044
F_bottom_p05_2012949.jpg,모멧,덴 앞슬릿 박시 원피스 크림,여성_하의,1,1,8,10,3,63580,28.0,187,8691,0.6558,0.4365
F_bottom_p05_2137096.jpg,어다울,Jelli shirring choker long dress - ivory,여성_하의,1,1,8,10,2,155000,16.0,136,14695,0.6472,0.4995
F_bottom_p05_2182597.jpg,가니송,Bridal Bow Bow Dress,여성_하의,1,1,8,10,5,355300,15.0,17,4357,0.8435,0.3236
F_bottom_p05_2419697.jpg,플로움,Andy Dress,여성_하의,1,1,8,1,3,250200,10.0,154,12422,0.5309,0.5038
F_bottom_p05_2468768.jpg,그린버터,Silky Side Pocket dress (Champagne),여성_하의,1,1,8,0,2,47510,31.0,123,6606,0.6167,0.3009
F_bottom_p05_2567908.jpg,플로움,Santorini Dress(White),여성_하의,1,1,8,10,3,210800,15.0,38,7293,0.8705,0.2533
F_bottom_p05_2647757.jpg,마조네,SHEER LACE ORGANZA DRESS,여성_하의,1,1,8,10,5,92880,28.0,103,7149,0.5365,0.2202
F_bottom_p05_2712094.jpg,데이즈데이즈,SOONSOO HALTER ONEPIECE,여성_하의,1,1,8,10,5,157520,12.0,81,3522,0.4619,0.4745
F_bottom_p05_2773334.jpg,오브베이지,BASE TWO-WAY MAXI OPS_BEIGE,여성_하의,1,1,8,0,3,185130,24.0,17,3044,0.7546,0.4275
F_bottom_p05_2841812.jpg,마우솔레움,Jenn Suit Jacket Dress - Grey,여성_하의,1,1,8,1,4,137540,37.0,1,1640,0.4309,0.6429
F_bottom_p05_3056376.jpg,가니송,Bridal Aurora Petals Dress,여성_하의,1,1,8,10,2,504000,14.0,1,1115,0.8715,0.505
F_bottom_p05_3278055.jpg,쎄무아듀,Cest,여성_하의,1,1,8,10,4,101370,36.0,0,551,0.6988,0.3666
F_bottom_p05_3347564.jpg,신스덴,그린 플로우 브이넥 미니원피스,여성_하의,1,1,8,5,4,87200,20.0,14,1423,0.5768,0.571
F_bottom_p05_3347598.jpg,쎄무아듀,Cest,여성_하의,1,1,8,10,2,88060,41.0,4,967,0.3829,0.2961
F_bottom_p05_3417113.jpg,슬로우롤리,Back slit pleated midi dress,여성_하의,1,1,8,1,3,75000,40.0,27,184,0.863,0.2761
F_bottom_p05_3445832.jpg,신스덴,베르 루비 롱원피스,여성_하의,1,1,8,9,2,129000,25.0,12,1224,0.7565,0.802
F_bottom_p05_3457174.jpg,어다울,Wave ruffle line long dress - ivory,여성_하의,1,1,8,10,3,119510,19.0,11,3487,0.3385,0.3051
F_bottom_p05_3527440.jpg,비바셔스,Fleur Pintuck Dress IVORY,여성_하의,1,1,8,10,4,73040,17.0,11,1420,0.6906,0.2176
F_bottom_p05_3737981.jpg,에르에르,Off-shoulder Arizona Sweatshirt Ivory,여성_하의,1,1,8,4,1,40320,35.0,4,1318,0.2562,0.3656
F_bottom_p05_3753478.jpg,드헤베,Hidden Stripe Single Jacket,여성_하의,1,1,8,10,5,83850,51.0,14,2687,0.3504,0.3715
F_bottom_p05_3767988.jpg,페스토,PINTUCK DRESS DOVE,여성_하의,1,1,8,10,6,64310,28.0,8,275,0.2941,0.3715
F_bottom_p05_3770586.jpg,럭키슈에뜨,Chouetties by LUCKY CHOUETTE_Shirring Volume Short Sleeve Long Dress (dark grey) LADAX26330GYD,여성_하의,1,1,8,1,6,179790,31.0,2,146,0.6777,0.3522
F_bottom_p05_3775021.jpg,어다울,Oblique ribbon mini dress - black,여성_하의,1,1,8,1,5,105950,30.0,0,329,0.724,0.3227
F_bottom_p05_3777716.jpg,와이오와이,클래식 벨트 반소매 플리츠 롱 원피스,여성_하의,1,1,8,0,5,134460,19.0,1,394,0.4926,0.508
F_bottom_p05_3824354.jpg,이알티알,M65 Field Jacket Black,여성_하의,1,1,8,4,6,173200,32.0,1,98,0.4298,0.6973
F_bottom_p05_3871912.jpg,잇미샤,잇미샤 리본 숄더 롱 원피스 ITQ4ZOP930,여성_하의,1,1,8,1,2,194100,22.0,0,383,0.468,0.5328
F_bottom_p06_2305769.jpg,아우브아워,wrap button dress,여성_하의,1,1,8,10,4,127590,19.0,146,8075,0.4218,0.3882
F_bottom_p06_3025775.jpg,아티드,투웨이 코튼 반팔 원피스,여성_하의,1,1,8,10,3,136890,24.0,71,5128,0.7652,0.3384
F_bottom_p06_3068232.jpg,클루니,Dot Pattern Sleeveless Dress - navy,여성_하의,1,1,8,1,3,95860,46.0,3,217,0.2335,0.2729
F_bottom_p06_3185202.jpg,엘로주,Evelyn Crochet Cardigan (Ivory),여성_하의,1,1,8,10,4,126230,23.0,8,1361,0.4749,0.2834
F_bottom_p06_3225625.jpg,링서울,button shirring dress-black,여성_하의,1,1,8,1,2,121020,28.0,42,1994,0.7391,0.349
F_bottom_p06_3346843.jpg,호쿠스포쿠스,Daisy Sucker Dress,여성_하의,1,1,8,2,5,112250,19.0,34,1521,0.5099,0.2656
F_bottom_p06_3409582.jpg,노티아,CITY LEATHER ZIP-UP JACKET - BLACK,여성_하의,1,1,8,1,6,158100,20.0,4,408,0.5188,0.6766
F_bottom_p06_3413008.jpg,로라로라,RIBBON LACE MINI ONEPIECE WHITE,여성_하의,1,1,8,10,7,106340,23.0,1,481,0.5792,0.6415
F_bottom_p06_3447357.jpg,아유서울,"COTTON WASHING HALF WORK JACKET, BLUE",여성_하의,1,1,8,6,5,152620,19.0,89,3772,0.2389,0.2769
F_bottom_p06_3759805.jpg,코닥어패럴,에센셜 빅로고 스탠넥 자켓 BLACK,여성_하의,1,1,8,1,6,143640,24.0,0,24,0.5521,0.9013
F_bottom_p06_3799705.jpg,락피쉬웨더웨어,RIBBON TIED SLEEVELESS - 4 colors,여성_하의,1,1,8,10,1,32130,25.0,5,3462,0.2394,0.3962
F_outer_p01_1923466.jpg,노앙,LONELY/LOVELY FLUFF HOODIE ZIP-UP GRAY NAVY,여성_아우터,1,2,5,4,6,142400,20.0,697,8237,0.5194,0.5566
F_outer_p01_2460621.jpg,링서울,leather blouson jacket,여성_아우터,1,2,5,10,5,140080,23.0,561,15206,0.3115,0.3994
F_outer_p01_2484101.jpg,앤니즈,Margaret half jacket,여성_아우터,1,2,5,10,6,122560,31.0,294,11310,0.225,0.6964
F_outer_p01_2496799.jpg,틸아이다이,Crispy compact wind breaker jumper,여성_아우터,1,2,5,1,6,130820,27.0,241,10161,0.4192,0.3092
F_outer_p01_2499794.jpg,시야쥬,SIOT4100 클래식 트위드 자켓,여성_아우터,1,2,5,10,1,126290,29.0,403,16262,0.5199,0.1967
F_outer_p01_2736522.jpg,르로망,Cap-sleeve Jacket/ Black,여성_아우터,1,2,5,1,4,199140,26.0,16,5536,0.6238,0.3003
F_outer_p01_3072981.jpg,링서울,over fit leather blouson jacket-black,여성_아우터,1,2,5,1,1,166380,24.0,299,9996,0.6509,0.2502
F_outer_p01_3073445.jpg,썸웨어버터,Salt Bomber Jacket - Ivory,여성_아우터,1,2,5,10,6,153300,30.0,45,9350,0.4555,0.2607
F_outer_p01_3174675.jpg,녹섭,minimal boat-neck jacket,여성_아우터,1,2,5,10,4,166840,36.0,49,6248,0.5425,0.4255
F_outer_p01_3410515.jpg,108파운드,Simply Boucle Jacket,여성_아우터,1,2,5,1,5,115670,31.0,143,7454,0.5475,0.2919
F_outer_p01_3426841.jpg,하네,보이핏 히든 버튼 레더 블루종,여성_아우터,1,2,5,1,6,130050,45.0,177,9130,0.2783,0.608
F_outer_p01_3519331.jpg,포레토,Tuga chore work jacket (Navy),여성_아우터,1,2,5,6,5,191700,10.0,99,4075,0.3485,0.3097
F_outer_p01_3533708.jpg,아우어노스텔지아,Light Cotton blouson jumper_2color(OC25-OT04),여성_아우터,1,2,5,0,5,72830,39.0,35,3664,0.3682,0.3378
F_outer_p01_3730108.jpg,튜드먼트,FAUX LEATHER HALF JACKET,여성_아우터,1,2,5,1,1,169410,19.0,31,4779,0.5389,0.2273
F_outer_p01_3731210.jpg,유라고,Nylon string high neck jumper,여성_아우터,1,2,5,10,5,127190,27.0,89,5164,0.7546,0.3697
F_outer_p01_3737831.jpg,스노우피크 어패럴,캠플 여성 유틸리티 바람막이 Butter Ivory (S26ZWCWB11),여성_아우터,1,2,5,10,6,179550,5.0,9,299,0.2294,0.5713
F_outer_p01_3744133.jpg,하네,스트링 하프 레더 자켓,여성_아우터,1,2,5,0,6,103560,45.0,98,8680,0.5006,0.4033
F_outer_p01_3751392.jpg,루에브르,Asymmetric Placket Zip-Up Jacket SW6SM612,여성_아우터,1,2,5,5,5,157250,28.0,39,3737,0.4658,0.6653
F_outer_p01_3753169.jpg,드헤베,Hidden Stripe Single Jacket,여성_아우터,1,2,5,10,5,83850,51.0,14,2687,0.3504,0.3715
F_outer_p01_3757076.jpg,온앤온,노카라 커팅 레이어드 자켓 NEW6SJ208,여성_아우터,1,2,5,10,3,209740,36.0,17,2744,0.5631,0.3183
F_outer_p01_3767323.jpg,앤니즈,Penny logo hoodie zip-up,여성_아우터,1,2,5,7,6,86490,27.0,9,2084,0.5736,0.4452
F_outer_p01_3769332.jpg,시야쥬,SIOT4183 빈티지 코튼 워크 자켓,여성_아우터,1,2,5,10,6,129240,25.0,18,4944,0.2256,0.4475
F_outer_p01_3769341.jpg,시야쥬,SIOT4182 하이 넥 버튼 블루종,여성_아우터,1,2,5,6,5,124750,25.0,26,11112,0.4128,0.4642
F_outer_p01_3769342.jpg,시야쥬,SIOT4182 하이 넥 버튼 블루종,여성_아우터,1,2,5,10,5,124750,25.0,7,2374,0.2527,0.2961
F_outer_p01_3775822.jpg,포에토,Roger cotton jacket - navy,여성_아우터,1,2,5,1,5,162000,16.0,79,2326,0.2863,0.3932
F_outer_p01_3788988.jpg,샤드라마,HIGH-NECK COTTON WASHED BOMBER JUMPER,여성_아우터,1,2,5,10,1,186150,15.0,46,9185,0.3949,0.4426
F_outer_p01_3797198.jpg,아수라,AUTHENTIC TRENCH JACKET,여성_아우터,1,2,5,4,5,139290,30.0,36,3483,0.372,0.5905
F_outer_p01_3799149.jpg,포에브,Logo Applique Zip-Up Hoodie,여성_아우터,1,2,5,6,6,59980,39.0,116,3241,0.2107,0.5171
F_outer_p01_3803232.jpg,코어드,Classic harrington jumper,여성_아우터,1,2,5,0,6,209150,19.0,126,14316,0.6015,0.3963
F_outer_p01_3804506.jpg,포에토,Kyale henry knit - pink,여성_아우터,1,2,5,7,5,89250,15.0,63,3343,0.5994,0.5644
F_outer_p01_3806716.jpg,로우클래식,LOW SOFT SWEAT ZIP-UP HOODIE,여성_아우터,1,2,5,4,6,119000,0.0,161,3627,0.3085,0.6737
F_outer_p01_3809255.jpg,망고매니플리즈,PIORA SHIRRING BLOUSON,여성_아우터,1,2,5,11,4,169150,15.0,12,4321,0.7004,0.273
F_outer_p01_3823425.jpg,틸아이다이,Crispy compact wind breaker jumper,여성_아우터,1,2,5,10,5,130820,27.0,16,2752,0.2984,0.4099
F_outer_p02_1700471.jpg,틸아이다이,Mac half trench coat,여성_아우터,1,2,5,5,1,160670,28.0,276,11690,0.2685,0.2386
F_outer_p02_2173012.jpg,틸아이다이,Button up bizo blouson,여성_아우터,1,2,5,0,5,137360,27.0,322,11572,0.3641,0.4223
F_outer_p02_2523044.jpg,링서울,soft shirring blouson jacket,여성_아우터,1,2,5,6,6,163500,16.0,154,7429,0.2697,0.4411
F_outer_p02_2736525.jpg,르로망,Cap-sleeve Jacket/ Ivory,여성_아우터,1,2,5,10,2,199140,26.0,10,4038,0.7023,0.3176
F_outer_p02_2759595.jpg,틸아이다이,Coloring collar point utility jacket,여성_아우터,1,2,5,0,4,165800,28.0,161,12513,0.6341,0.3011
F_outer_p02_2861830.jpg,아메스 월드와이드,BASIC LOGO HOODIE ZIP UP NAVY,여성_아우터,1,2,5,6,6,54470,39.0,370,16015,0.295,0.5812
F_outer_p02_3015777.jpg,온앤온,스웨이드 자켓 NEL5XJ809,여성_아우터,1,2,5,0,1,228870,36.0,277,12327,0.6587,0.3739
F_outer_p02_3037377.jpg,몽돌,코튼 워크 하프 자켓 베이지,여성_아우터,1,2,5,6,4,138300,37.0,84,6991,0.3083,0.5554
F_outer_p02_3061355.jpg,이아,MOSS COTTON UTILITY JACKET,여성_아우터,1,2,5,0,5,258000,0.0,24,2270,0.2297,0.3288
F_outer_p02_3426839.jpg,하네,오버핏 포켓 레더 블루종,여성_아우터,1,2,5,1,6,113050,45.0,340,15306,0.2086,0.4253
F_outer_p02_3426843.jpg,하네,보이핏 히든 버튼 레더 블루종,여성_아우터,1,2,5,1,6,130050,45.0,177,9130,0.2783,0.608
F_outer_p02_3437725.jpg,프리버07,Two-way bomber jumper FRFA01JP01,여성_아우터,1,2,5,10,6,127380,31.0,47,3162,0.1839,0.4467
F_outer_p02_3439542.jpg,루에브르,Faux Suede Collarless Layered Jacket SL5XJ938-B8,여성_아우터,1,2,5,3,4,212190,29.0,213,10319,0.3104,0.7204
F_outer_p02_3496703.jpg,반로에,Double Snap Button Faux Leather Jumper M105-10,여성_아우터,1,2,5,1,6,251300,24.0,128,5852,0.5043,0.7384
F_outer_p02_3712042.jpg,투머치택스,TAROT WAFFLE ZIP-UP HOODIE,여성_아우터,1,2,5,10,5,180000,0.0,22,1738,0.6442,0.4072
F_outer_p02_3737823.jpg,스노우피크 어패럴,캠플 여성 유틸리티 바람막이 Butter Ivory (S26ZWCWB11),여성_아우터,1,2,5,10,6,179550,5.0,9,299,0.2294,0.5713
F_outer_p02_3750017.jpg,몽돌,코튼 워크 하프 자켓 블랙,여성_아우터,1,2,5,6,4,138300,37.0,15,2276,0.6083,0.6036
F_outer_p02_3750930.jpg,올리브데올리브,오버핏 스웨이드 블루종 점퍼 OE6XJ8740,여성_아우터,1,2,5,4,1,177270,46.0,19,3628,0.644,0.3174
F_outer_p02_3753170.jpg,드헤베,Hidden Stripe Single Jacket,여성_아우터,1,2,5,1,4,96750,44.0,5,639,0.4508,0.3516
F_outer_p02_3753434.jpg,드헤베,Hidden Stripe Single Jacket,여성_아우터,1,2,5,1,5,83850,51.0,2,343,0.3986,0.2571
F_outer_p02_3762810.jpg,틸아이다이,Over-Fit utility jacket,여성_아우터,1,2,5,0,4,165800,28.0,50,5698,0.4357,0.3459
F_outer_p02_3768159.jpg,페스토,OVERSIZED PINTUCK SHIRT JACKET FLOWER,여성_아우터,1,2,5,10,6,85980,28.0,10,1689,0.5585,0.3062
F_outer_p02_3769333.jpg,시야쥬,SIOT4183 빈티지 코튼 워크 자켓,여성_아우터,1,2,5,6,5,129240,25.0,14,2312,0.1871,0.2182
F_outer_p02_3773585.jpg,파르벵,VORN LEATHER HALF JACKET,여성_아우터,1,2,5,1,3,319000,0.0,232,5549,0.7219,0.3114
F_outer_p02_3775999.jpg,108파운드,Simply Boucle Jacket,여성_아우터,1,2,5,10,1,115670,31.0,16,1207,0.3182,0.5354
F_outer_p02_3784608.jpg,해브해드 우먼,Cotton Drizzler Jacket (Ivory),여성_아우터,1,2,5,10,6,133110,24.0,17,1915,0.3909,0.3217
F_outer_p02_3789311.jpg,가더,An Cotton Blouson (Beige),여성_아우터,1,2,5,0,5,175190,23.0,30,1415,0.8415,0.3546
F_outer_p02_3798594.jpg,어랜,Washed cotton work jacket,여성_아우터,1,2,5,4,6,184610,26.0,22,1644,0.2472,0.5581
F_outer_p02_3801904.jpg,체,Classic Cotton Trench - Light Gray,여성_아우터,1,2,5,10,4,286200,10.0,10,753,0.3366,0.3563
F_outer_p02_3874285.jpg,룩캐스트,하나 노카라 트위드 자켓 / HANA NO COLLAR TWEED JACKET,여성_아우터,1,2,5,1,1,123410,31.0,6,1117,0.7507,0.3717
F_outer_p03_1898162.jpg,시야쥬,SIOT4075 Leather Bomber Jacket,여성_아우터,1,2,5,3,5,145420,34.0,391,16688,0.2762,0.3467
F_outer_p03_2173041.jpg,틸아이다이,High neck bomber jumper,여성_아우터,1,2,5,0,3,136730,30.0,231,24284,0.2547,0.2643
F_outer_p03_2198960.jpg,파사드패턴,레더 하프코트,여성_아우터,1,2,5,1,6,328000,0.0,272,9287,0.6103,0.2977
F_outer_p03_2477480.jpg,르,faux leather over-fit blazer,여성_아우터,1,2,5,1,1,96390,69.0,1101,36855,0.2539,0.4827
F_outer_p03_2863081.jpg,아메스 월드와이드,BASIC LOGO HOODIE ZIP UP CREAM,여성_아우터,1,2,5,10,6,54470,39.0,36,1831,0.361,0.5261
F_outer_p03_3037432.jpg,유라고,River hooded half jumper,여성_아우터,1,2,5,0,4,153830,28.0,213,7724,0.461,0.4342
F_outer_p03_3061848.jpg,이아,MOSS COTTON UTILITY JACKET,여성_아우터,1,2,5,10,5,258000,0.0,16,932,0.8428,0.458
F_outer_p03_3063206.jpg,데비웨어,파인 스트링 윈드자켓 DEVI-O0019-화이트,여성_아우터,1,2,5,10,5,30690,19.0,119,2688,0.489,0.8284
F_outer_p03_3068189.jpg,쏘이르,POCKET WORK JACKET - CREAM,여성_아우터,1,2,5,0,6,134640,32.0,36,6274,0.6841,0.4072
F_outer_p03_3437699.jpg,프리버07,Pocket detail cotton work jacket FRFA01JK02,여성_아우터,1,2,5,6,5,128110,35.0,45,2911,0.2955,0.4662
F_outer_p03_3439774.jpg,루에브르,Faux Suede Collarless Layered Jacket SL5XJ938-B8,여성_아우터,1,2,5,3,4,212190,29.0,213,10319,0.3104,0.7204
F_outer_p03_3443133.jpg,앳코너,Over Fit Jacket,여성_아우터,1,2,5,10,1,205020,24.0,57,5087,0.5162,0.3291
F_outer_p03_3447887.jpg,아유서울,"COTTON WASHING HALF WORK JACKET, BLUE",여성_아우터,1,2,5,6,5,152620,19.0,89,3772,0.2389,0.2769
F_outer_p03_3503808.jpg,레이브,(사이즈추가)High-neck Leather Blouson Jacket VL5AJ093,여성_아우터,1,2,5,4,6,258000,0.0,199,7984,0.5078,0.6289
F_outer_p03_3732675.jpg,온앤온,스웨이드 봄버 점퍼 NEL6XM801,여성_아우터,1,2,5,11,6,254370,36.0,52,7556,0.4706,0.4022
F_outer_p03_3748684.jpg,미치코런던 코시노,Fringed Tweed Jacket Black,여성_아우터,1,2,5,4,6,128400,19.0,18,3282,0.2458,0.3185
F_outer_p03_3748974.jpg,르바,Ground Raglan Zip-up Jumper - Blueberry Navy,여성_아우터,1,2,5,10,5,135410,23.0,10,951,0.2465,0.6997
F_outer_p03_3751331.jpg,아틀리에 나인,SHIRRING STRING CROP JUMPER (JP-595),여성_아우터,1,2,5,4,5,120420,29.0,5,1160,0.4909,0.7131
F_outer_p03_3762696.jpg,틸아이다이,High-neck leather point work jacket,여성_아우터,1,2,5,10,6,176060,27.0,39,3024,0.2599,0.3845
F_outer_p03_3764342.jpg,룩캐스트,엘리스 미니멀 오버사이즈 자켓_베이지 / ELISE MINIMAL OVERSIZED JACKET,여성_아우터,1,2,5,0,4,109500,45.0,4,576,0.2323,0.3636
F_outer_p03_3764352.jpg,룩캐스트,엘리스 미니멀 오버사이즈 자켓_베이지 / ELISE MINIMAL OVERSIZED JACKET,여성_아우터,1,2,5,0,4,109500,45.0,4,576,0.2323,0.3636
F_outer_p03_3767328.jpg,앤니즈,Sander check blouson,여성_아우터,1,2,5,10,6,140150,30.0,3,1360,0.3743,0.404
F_outer_p03_3773588.jpg,파르벵,PALE HERRINGBONE UTILITY WORK JACKET,여성_아우터,1,2,5,10,4,219000,0.0,45,2351,0.5352,0.4446
F_outer_p03_3776545.jpg,사일프레이,Midnight Horse Zip-up Hoodie / Ivory,여성_아우터,1,2,5,10,5,99450,24.0,5,2964,0.5483,0.5409
F_outer_p03_3784610.jpg,해브해드 우먼,Cotton Drizzler Jacket (Navy),여성_아우터,1,2,5,1,1,133110,24.0,9,1024,0.444,0.2851
F_outer_p03_3789179.jpg,퀸스래빗,High-Neck Raglan Drawstring Wind Jumper,여성_아우터,1,2,5,10,6,101030,27.0,13,1141,0.3344,0.4967
F_outer_p03_3789196.jpg,퀸스래빗,High-Neck Raglan Drawstring Wind Jumper,여성_아우터,1,2,5,10,6,101030,27.0,13,1141,0.3344,0.4967
F_outer_p03_3796835.jpg,로우,Tide herringbone work jacket,여성_아우터,1,2,5,4,6,255000,0.0,9,3857,0.3527,0.2767
F_outer_p03_3797195.jpg,아수라,AUTHENTIC TRENCH JACKET,여성_아우터,1,2,5,4,6,139290,30.0,102,8148,0.2612,0.4759
F_outer_p03_3798943.jpg,어패럴아카이브,Dippy reversible hood jacket - Skyblue,여성_아우터,1,2,5,4,6,142130,37.0,0,275,0.3875,0.3473
F_outer_p03_3810969.jpg,파사드패턴,유틸리티 하프 트렌치 코트,여성_아우터,1,2,5,0,6,348000,0.0,10,1111,0.9353,0.5437
F_outer_p03_3823888.jpg,시야쥬,SIOT4182 하이 넥 버튼 블루종,여성_아우터,1,2,5,10,3,124750,25.0,5,2124,0.2633,0.3692
F_outer_p04_2434368.jpg,어반디타입,에어라이트 래글런 윈드브레이커,여성_아우터,1,2,5,10,1,58650,34.0,1289,26989,0.3473,0.4053
F_outer_p04_2461019.jpg,에트몽,"Volume Pocket Wind Jumper, Greyish Blue",여성_아우터,1,2,5,10,5,113220,24.0,196,4474,0.5719,0.7911
F_outer_p04_3138553.jpg,더바넷,Cloudy Wind Set-Up Jacket,여성_아우터,1,2,5,10,5,143640,15.0,121,3969,0.4213,0.7212
F_outer_p04_3513489.jpg,루에브르,Asymmetric Placket Faux Suede Jacket SL5XJ830-B8,여성_아우터,1,2,5,3,1,276950,23.0,106,9900,0.2004,0.357
F_outer_p04_3762693.jpg,틸아이다이,High-neck leather point work jacket,여성_아우터,1,2,5,1,6,176060,27.0,29,2213,0.5029,0.7381
F_outer_p04_3762974.jpg,틸아이다이,High-neck leather point work jacket,여성_아우터,1,2,5,10,6,176060,27.0,39,3024,0.2599,0.3845
F_outer_p04_3773092.jpg,온앤온,스트링 하이넥 점퍼 NEW6SM224,여성_아우터,1,2,5,0,6,203320,32.0,2,1113,0.374,0.7607
F_outer_p04_3797196.jpg,아수라,AUTHENTIC TRENCH JACKET,여성_아우터,1,2,5,4,5,139290,30.0,36,3483,0.372,0.5905
F_outer_p04_3810978.jpg,파사드패턴,워시드 코튼 블루종,여성_아우터,1,2,5,6,5,298000,0.0,5,287,0.246,0.6929
F_outer_p04_3822893.jpg,아틀리에 나인,AN SHEER NYLON HIGH NECK JUMPER (JP-602),여성_아우터,1,2,5,10,5,120420,29.0,9,770,0.5709,0.2928
F_outer_p04_3833464.jpg,헤이그,a shirt jacket,여성_아우터,1,2,5,10,1,159600,5.0,3,484,0.5739,0.2299
F_outer_p04_3886825.jpg,틸아이다이,Linen blended half sleeve jacket,여성_아우터,1,2,5,10,6,140150,30.0,1,321,0.3705,0.251
F_outer_p05_2778349.jpg,샤드라마,WASHED LEATHER BOMBER JUMPER,여성_아우터,1,2,5,5,6,134670,29.0,302,11463,0.5774,0.3953
F_outer_p05_3176187.jpg,홈그로운 서플라이,for LAD & LASS - worn olive,여성_아우터,1,2,5,5,6,225250,15.0,1,378,0.5618,0.4656
F_outer_p05_3426806.jpg,하네,오버핏 포켓 레더 블루종,여성_아우터,1,2,5,1,6,113050,45.0,340,15306,0.2086,0.4253
F_outer_p05_3503849.jpg,레이브,(사이즈추가)High-neck Leather Blouson Jacket VL5AJ093,여성_아우터,1,2,5,4,6,258000,0.0,199,7984,0.5078,0.6289
F_outer_p05_3571636.jpg,아디다스,댄스 윈드브레이커 - 블랙,여성_아우터,1,2,5,1,5,63770,41.0,10,224,0.3963,0.9314
F_outer_p05_3768341.jpg,에트몽,"Buckle Fringe Tweed Jacket, Ivory",여성_아우터,1,2,5,10,3,174420,24.0,5,1479,0.5929,0.3032
F_outer_p05_3773093.jpg,온앤온,스트링 하이넥 점퍼 NEW6SM224,여성_아우터,1,2,5,0,6,203320,32.0,2,1113,0.374,0.7607
F_outer_p05_3797934.jpg,앳코너,Minimal High-neck Blouson Cream AT6JPA005CR,여성_아우터,1,2,5,10,5,137070,36.0,2,350,0.4497,0.5165
F_outer_p05_3833287.jpg,더바넷,Aero Hooded Jacket,여성_아우터,1,2,5,11,1,115200,10.0,13,767,0.2679,0.5052
F_outer_p05_3845684.jpg,어나더오피스,Wool Serge Track Blouson (Black Grid),여성_아우터,1,2,5,1,5,232560,19.0,3,108,0.54,0.4776
F_outer_p05_3860267.jpg,가더,Ven Work Jacket (Beige),여성_아우터,1,2,5,0,6,155040,19.0,6,395,0.3874,0.465
F_outer_p06_1407538.jpg,유라고,Mac half trench coat,여성_아우터,1,2,5,10,4,133000,27.0,2448,54163,0.4278,0.2876
F_outer_p06_2902871.jpg,드헤베,시그니처 자켓,여성_아우터,1,2,5,10,5,78030,35.0,14,957,0.4448,0.2194
F_outer_p06_3032565.jpg,어반디타입,에어라이트 하이넥 윈드브레이커,여성_아우터,1,2,5,6,5,58650,34.0,357,5836,0.2958,0.5411
F_outer_p06_3061847.jpg,이아,MOSS COTTON UTILITY JACKET,여성_아우터,1,2,5,10,5,258000,0.0,16,932,0.8428,0.458
F_outer_p06_3074873.jpg,체,High Neck Cotton Blouson - White,여성_아우터,1,2,5,10,5,205000,13.0,43,2089,0.887,0.44
F_outer_p06_3097419.jpg,블랭크공삼,washed french work jacket (vintage olive),여성_아우터,1,2,5,5,4,151470,24.0,58,2207,0.3724,0.399
F_outer_p06_3378800.jpg,르나브,esy rainy wind Jacket,여성_아우터,1,2,5,10,5,134030,39.0,2,1020,0.6286,0.4427
F_outer_p06_3714833.jpg,론론,GLOSSY COATED LOOSE FIT JUMPER BLACK,여성_아우터,1,2,5,6,6,84460,41.0,94,2157,0.328,0.5567
F_outer_p06_3730103.jpg,튜드먼트,FAUX LEATHER HALF JACKET,여성_아우터,1,2,5,1,1,169410,19.0,31,4779,0.5389,0.2273
F_outer_p06_3730159.jpg,튜드먼트,TT LOGO HOODED ZIP-UP,여성_아우터,1,2,5,4,1,80680,19.0,14,876,0.3182,0.6969
F_outer_p06_3737057.jpg,스노우피크 어패럴,캠플 여성 유틸리티 바람막이 Butter Ivory (S26ZWCWB11),여성_아우터,1,2,5,10,6,179550,5.0,9,299,0.2294,0.5713
F_outer_p06_3742970.jpg,잇자바이브,MEOW CAT EAR HOODIE ZIP UP - CHARCOAL,여성_아우터,1,2,5,4,6,69050,27.0,11,402,0.4566,0.3301
F_outer_p06_3752731.jpg,테누브,Vintage Tucked Blouson Jumper,여성_아우터,1,2,5,8,5,147390,33.0,10,1092,0.3882,0.5037
F_outer_p06_3753172.jpg,드헤베,Hidden Stripe Single Jacket,여성_아우터,1,2,5,1,5,83850,51.0,2,343,0.3986,0.2571
F_outer_p06_3769666.jpg,시야쥬,SIOT4182 하이 넥 버튼 블루종,여성_아우터,1,2,5,10,3,124750,25.0,5,2124,0.2633,0.3692
F_outer_p06_3772784.jpg,루에브르,Fringed Short Tweed Jacket SW6SJ625-03,여성_아우터,1,2,5,10,5,140150,30.0,2,525,0.6686,0.6638
F_outer_p06_3775821.jpg,포에토,Roger cotton jacket - navy,여성_아우터,1,2,5,1,5,162000,16.0,79,2326,0.2863,0.3932
F_outer_p06_3781445.jpg,씨타,Everyday Cropped Drawstring Hoodie Zip-Up_CTO154(Charcoal),여성_아우터,1,2,5,4,6,42720,52.0,4,369,0.5915,0.4924
F_outer_p06_3790919.jpg,비바라비다,Risk 우먼 집업 후디,여성_아우터,1,2,5,1,6,49220,39.0,3,790,0.6355,0.7834
F_outer_p06_3792992.jpg,유라고,Noah string shirt jacket,여성_아우터,1,2,5,0,4,128070,31.0,6,490,0.8077,0.239
F_outer_p06_3794121.jpg,폴 브레이크,Check Pleated Blouse Jacket,여성_아우터,1,2,5,10,4,135000,15.0,1,163,0.3796,0.4897
F_outer_p06_3795287.jpg,그레이스유,Carys H-Line One-piece,여성_아우터,1,2,5,0,3,275000,0.0,0,281,0.5443,0.3353
F_outer_p06_3806718.jpg,로우클래식,LOW WASHED ZIP-UP HOODIE,여성_아우터,1,2,5,2,6,139000,0.0,46,1398,0.2578,0.6825
F_skirt_p01_2763457.jpg,몽돌,골지 브이넥 가디건,여성_치마,1,-1,7,10,4,24640,46.0,928,25726,0.387,0.3106
F_skirt_p01_2763459.jpg,몽돌,골지 라운드넥 가디건,여성_치마,1,-1,7,10,5,24640,46.0,563,15227,0.3905,0.261
F_skirt_p01_3054945.jpg,미치코런던 코시노,BASIC ROUND KNIT CARDIGAN RED,여성_치마,1,-1,7,9,4,39570,19.0,303,4016,0.6164,0.2252
F_skirt_p01_3118197.jpg,몽돌,홀가먼트 하프넥 플리츠 니트 탑 스카이블루,여성_치마,1,-1,7,4,1,50150,27.0,211,7399,0.4175,0.6152
F_skirt_p01_3164206.jpg,트위,벨롯 투톤 레이어 니트,여성_치마,1,-1,7,4,1,31430,37.0,155,7269,0.4937,0.4263
F_skirt_p01_3167970.jpg,제너럴아이디어,WOMAN 레이어드 에센셜 하프 풀오버 / WBE2L05533,여성_치마,1,-1,7,1,2,35190,32.0,429,12507,0.5648,0.367
F_skirt_p01_3266745.jpg,하네,시어 울 엔케이스 가디건 5Color,여성_치마,1,-1,7,4,1,67320,39.0,60,3539,0.3998,0.3977
F_skirt_p01_3273264.jpg,시눈,Double Button Cardigan (Blue),여성_치마,1,-1,7,0,5,106200,10.0,17,1887,0.4515,0.6157
F_skirt_p01_3479039.jpg,더콜디스트모먼트,TCM stripe hooded zip-up,여성_치마,1,-1,7,1,5,91040,23.0,87,7674,0.4728,0.6312
F_skirt_p01_3709571.jpg,하네,에센셜 딥 하프집업 6Color,여성_치마,1,-1,7,9,5,53760,29.0,73,5391,0.8169,0.5195
F_skirt_p01_3730542.jpg,유라고,Basey linen boatneck knit,여성_치마,1,-1,7,0,5,90850,27.0,46,3471,0.7409,0.3194
F_skirt_p01_3730961.jpg,유라고,Washable round cardigan,여성_치마,1,-1,7,5,5,48340,27.0,134,5147,0.9024,0.4533
F_skirt_p01_3733542.jpg,아틀리에 나인,ONE OFF SHOULDER STRAP SLIM FIT KNIT (T-7180),여성_치마,1,-1,7,10,5,63420,29.0,19,1575,0.6168,0.4515
F_skirt_p01_3738441.jpg,포에토,Kyale henry knit - grey,여성_치마,1,-1,7,4,6,83300,15.0,355,6592,0.8242,0.6258
F_skirt_p01_3743643.jpg,웬즈데이오아시스,Momo Hairy Round Cardigan_SOFT BLUE(WC26KN40),여성_치마,1,-1,7,4,5,37950,39.0,16,4184,0.8402,0.2743
F_skirt_p01_3748561.jpg,미치코런던 코시노,Essential Round Knit Cardigan Melange grey,여성_치마,1,-1,7,4,4,50070,19.0,67,4530,0.7297,0.5244
F_skirt_p01_3748837.jpg,미치코런던 코시노,Basic V-neck Wool Knit Black,여성_치마,1,-1,7,1,5,58140,19.0,78,3750,0.4137,0.4411
F_skirt_p01_3749902.jpg,몽돌,린넨 시스루 가디건 & 슬리브리스 그레이,여성_치마,1,-1,7,10,5,56460,31.0,23,2019,0.7159,0.4706
F_skirt_p01_3752561.jpg,르바,All-Day Cotton V-neck Knit - Melange Grey,여성_치마,1,-1,7,4,5,58910,23.0,36,1708,0.5005,0.3432
F_skirt_p01_3752563.jpg,르바,All-Day Cotton V-neck Knit - Darknight Navy,여성_치마,1,-1,7,2,4,58910,23.0,66,4074,0.4767,0.5615
F_skirt_p01_3768174.jpg,페스토,HALF BLOUSE HALF CARDIGAN BLACK,여성_치마,1,-1,7,1,1,66470,28.0,35,2055,0.4802,0.4756
F_skirt_p01_3770705.jpg,미치코런던 코시노,Hem Lace Linen Cardigan Melange grey,여성_치마,1,-1,7,10,4,50880,19.0,21,1853,0.2135,0.423
F_skirt_p01_3771611.jpg,루에브르,Loose-fit Off Shoulder Pullover+Sleeveless Top SS6SP645,여성_치마,1,-1,7,10,5,127040,29.0,3,1235,0.6015,0.4173
F_skirt_p01_3791073.jpg,호와스,LACE BUTTON CARDIGAN,여성_치마,1,-1,7,10,1,76720,19.0,13,830,0.4033,0.5059
F_skirt_p01_3802918.jpg,토아베,Roll Stripe Alpaca Knit (Ivory),여성_치마,1,-1,7,9,1,95290,19.0,34,3439,0.3154,0.5004
F_skirt_p01_3805825.jpg,르,cashmere whole garment v-neck knit pullover (sky blue),여성_치마,1,-1,7,10,5,37870,62.0,30,2647,0.4473,0.6515
F_skirt_p01_3862938.jpg,로트르드민,Layered sheer shirt knit,여성_치마,1,-1,7,4,3,94520,32.0,16,4258,0.2916,0.4681
F_skirt_p02_2880829.jpg,닉앤니콜,LACE FRILL ESSENTIAL CROP CARDIGAN,여성_치마,1,-1,7,10,1,74970,24.0,92,2367,0.7589,0.3704
F_skirt_p02_3073479.jpg,썸웨어버터,Softy Cardigan - Light Grey,여성_치마,1,-1,7,10,1,62300,30.0,143,6476,0.4183,0.351
F_skirt_p02_3113589.jpg,파사드패턴,코튼 보트넥 니트,여성_치마,1,-1,7,0,5,168000,0.0,208,4630,0.5222,0.3009
F_skirt_p02_3118181.jpg,몽돌,홀가먼트 하프넥 플리츠 니트 탑 크림,여성_치마,1,-1,7,10,3,50150,27.0,166,4541,0.4032,0.2833
F_skirt_p02_3138493.jpg,더바넷,Ravioli Lace-Trim Button-Up Top,여성_치마,1,-1,7,10,5,60570,19.0,87,4238,0.4929,0.4268
F_skirt_p02_3440407.jpg,몽돌,소프트 코튼 라운드넥 가디건,여성_치마,1,-1,7,4,5,37950,39.0,77,5308,0.448,0.7939
F_skirt_p02_3585905.jpg,트위,디아르 홀터 레이어드 니트,여성_치마,1,-1,7,5,5,46480,34.0,80,5943,0.5057,0.4473
F_skirt_p02_3722903.jpg,오브베이지,CASH MERINO V-NECK CARDIGAN_MAUVE PINK,여성_치마,1,-1,7,10,5,97620,26.0,25,2117,0.394,0.5827
F_skirt_p02_3733402.jpg,아틀리에 나인,COTTON CLASSICAL KNIT CARDIGAN (CD-2259),여성_치마,1,-1,7,8,5,60080,32.0,8,831,0.5562,0.3762
F_skirt_p02_3743640.jpg,웬즈데이오아시스,Nevil Sleeveless Cardigan Knit Set_SOFT YELLOW(WC26-SET01),여성_치마,1,-1,7,0,3,60590,39.0,3,883,0.8646,0.2123
F_skirt_p02_3748611.jpg,미치코런던 코시노,Lace Ruffle Cardigan Set Melange grey,여성_치마,1,-1,7,4,5,63800,19.0,37,2157,0.504,0.4255
F_skirt_p02_3748670.jpg,미치코런던 코시노,Sheer Mohair Knit Cardigan Dusty purple,여성_치마,1,-1,7,8,5,58140,19.0,42,3242,0.5026,0.4365
F_skirt_p02_3749568.jpg,로라로라,HIGH NECK KNIT HALF ZIP-UP BEIGE,여성_치마,1,-1,7,0,6,74970,24.0,34,2599,0.5613,0.6917
F_skirt_p02_3753033.jpg,매기,Essential Wool V-neck,여성_치마,1,-1,7,4,5,83300,15.0,21,1144,0.5583,0.4278
F_skirt_p02_3762943.jpg,노운베러,Check pointed round cardigan,여성_치마,1,-1,7,0,6,51840,46.0,28,1312,0.8489,0.5446
F_skirt_p02_3770203.jpg,프리버07,Fine wool deep v-neck knit,여성_치마,1,-1,7,4,1,55080,31.0,38,3047,0.2064,0.3461
F_skirt_p02_3775783.jpg,포에토,Mute light cardigan - watery blue,여성_치마,1,-1,7,0,5,84150,15.0,65,1799,0.5265,0.7911
F_skirt_p02_3776304.jpg,로라로라,LACE V NECK KNIT CHARCOAL,여성_치마,1,-1,7,1,5,64720,27.0,11,1673,0.283,0.2899
F_skirt_p02_3801479.jpg,네세서리,Cotton Hooded Knit (Cream),여성_치마,1,-1,7,10,5,111440,19.0,27,772,0.4804,0.3336
F_skirt_p02_3808982.jpg,르 스튜디오,STRIPE HALF KNIT,여성_치마,1,-1,7,4,1,55080,49.0,0,131,0.4042,0.3242
F_skirt_p02_3816438.jpg,틸아이다이,Flower jacquard cardigan,여성_치마,1,-1,7,9,4,92310,27.0,12,910,0.5484,0.2514
F_skirt_p02_3850250.jpg,시야쥬,SIKN2136 클래식 카라 니트,여성_치마,1,-1,7,7,6,68440,29.0,10,370,0.2221,0.4516
F_skirt_p02_3852972.jpg,앳코너,Slim Boat-neck Ribbed Cardigan Sky Blue AT6CDA009SL,여성_치마,1,-1,7,10,1,72250,28.0,4,438,0.3226,0.529
F_skirt_p02_3862530.jpg,윤슬,Cotton slub cardigan,여성_치마,1,-1,7,10,1,63750,15.0,20,1116,0.3785,0.4937
F_skirt_p02_3864131.jpg,망고매니플리즈,NEFF LINEN CROP KNIT,여성_치마,1,-1,7,0,1,80750,15.0,9,672,0.1905,0.5426
F_skirt_p02_3864132.jpg,망고매니플리즈,NEFF LINEN CROP KNIT,여성_치마,1,-1,7,10,5,80750,15.0,4,694,0.6911,0.5127
F_skirt_p02_3879670.jpg,비터셀즈,Mellow Check Cardigan-Pink,여성_치마,1,-1,7,7,4,47740,29.0,0,323,0.3188,0.4851
F_skirt_p03_1883122.jpg,이아,LOA ROUND SLEEVE CARDIGAN,여성_치마,1,-1,7,0,5,158000,0.0,49,1505,0.6922,0.4312
F_skirt_p03_2805330.jpg,스텝어라운드,Ribbed cropped cardigan,여성_치마,1,-1,7,10,5,54870,31.0,86,3035,0.4357,0.4042
F_skirt_p03_3043360.jpg,페세스,Cotton v-neck knit (Beige),여성_치마,1,-1,7,10,5,121500,10.0,78,1626,0.594,0.5369
F_skirt_p03_3222033.jpg,오떼뜨,HALTER RIBBED KNIT VEST,여성_치마,1,-1,7,1,2,74360,31.0,163,4675,0.3603,0.2876
F_skirt_p03_3239520.jpg,썸웨어버터,Lovey Button Cardigan - Grey,여성_치마,1,-1,7,4,1,44100,30.0,93,2257,0.2941,0.4766
F_skirt_p03_3415739.jpg,몽돌,스퀘어넥 레이어드 사선 버튼 골지 니트 탑,여성_치마,1,-1,7,0,5,29380,39.0,301,13240,0.9139,0.6907
F_skirt_p03_3437165.jpg,미치코런던 코시노,RUFFLE WOOL KNIT CARDIGAN SET IVORY,여성_치마,1,-1,7,10,1,58140,19.0,142,6815,0.8462,0.3141
F_skirt_p03_3440405.jpg,몽돌,소프트 코튼 V넥 가디건,여성_치마,1,-1,7,6,1,37950,39.0,30,1773,0.3293,0.3966
F_skirt_p03_3496344.jpg,어패럴아카이브,Some wool round cardigan,여성_치마,1,-1,7,0,4,68090,23.0,14,1851,0.4564,0.6591
F_skirt_p03_3500042.jpg,체,Pleats Cardigan - Charcoal,여성_치마,1,-1,7,10,5,62050,15.0,4,409,0.4251,0.639
F_skirt_p03_3716028.jpg,오브베이지,CASH MERINO V-NECK CARDIGAN_IVORY,여성_치마,1,-1,7,0,5,106590,19.0,24,668,0.5877,0.4313
F_skirt_p03_3731546.jpg,유라고,Washable round knit & cardigan set,여성_치마,1,-1,7,10,5,85730,31.0,44,1167,0.546,0.493
F_skirt_p03_3732688.jpg,온앤온,스카시 니트 가디건 NEW6UK813,여성_치마,1,-1,7,0,4,136010,43.0,0,436,0.8354,0.6094
F_skirt_p03_3750036.jpg,몽돌,린넨 라운드넥 가디건 바이올렛,여성_치마,1,-1,7,8,4,60590,39.0,20,1209,0.9758,0.5664
F_skirt_p03_3752569.jpg,르바,Layered Knit Cardigan Set - Sage Mint,여성_치마,1,-1,7,0,5,106340,23.0,6,824,0.455,0.3639
F_skirt_p03_3756437.jpg,헤더먼트,stripe jersey cardigan (sky blue),여성_치마,1,-1,7,10,5,67150,15.0,22,1227,0.3155,0.5956
F_skirt_p03_3791074.jpg,호와스,LACE BUTTON CARDIGAN,여성_치마,1,-1,7,0,4,76720,19.0,13,830,0.4033,0.5059
F_skirt_p03_3801504.jpg,네세서리,Paper V-Neck Knit (Navy),여성_치마,1,-1,7,10,6,79140,19.0,33,628,0.3456,0.4053
F_skirt_p03_3801506.jpg,네세서리,Paper V-Neck Knit (Ivory),여성_치마,1,-1,7,10,5,79140,19.0,27,541,0.8283,0.4317
F_skirt_p03_3804477.jpg,포에토,Serena deep v-neck knit - blue,여성_치마,1,-1,7,10,5,84150,15.0,30,1546,0.5112,0.8633
F_skirt_p03_3805823.jpg,르,cashmere whole garment v-neck knit pullover (pale pink),여성_치마,1,-1,7,7,6,37870,62.0,8,544,0.5686,0.3282
F_skirt_p03_3806380.jpg,로우타이드,KNIT SLEEVELESS CARDIGAN SET UP,여성_치마,1,-1,7,10,5,128880,23.0,7,1521,0.5216,0.6551
F_skirt_p03_3811166.jpg,파사드패턴,딥 브이넥 니트,여성_치마,1,-1,7,0,5,158000,0.0,9,880,0.5464,0.4182
F_skirt_p03_3831261.jpg,트위,콘티 홀터넥 크롭 나시 가디건 SET,여성_치마,1,-1,7,11,1,25130,37.0,5,615,0.4014,0.2329
F_skirt_p03_3834294.jpg,모노하,Waffle-Knit Jersey Long Sleeve,여성_치마,1,-1,7,10,0,158000,0.0,15,411,0.642,0.3633
F_skirt_p03_3876567.jpg,낫띵리튼,"Ciao v-neck pullover (Oatmeal, W)",여성_치마,1,-1,7,10,4,169000,0.0,4,304,0.4904,0.5193
F_skirt_p04_2937319.jpg,어반디타입,리버사이드 클럽 라운드 니트,여성_치마,1,-1,7,10,1,16220,74.0,211,1629,0.3547,0.3276
F_skirt_p04_3008784.jpg,반원 아틀리에,O3114 울 캐시미어 케이블 가디건,여성_치마,1,-1,7,10,5,94860,38.0,119,3055,0.6033,0.393
F_skirt_p04_3089406.jpg,로제프란츠,Nickel Round Cardigan,여성_치마,1,-1,7,0,5,39780,39.0,24,676,0.584,0.588
F_skirt_p04_3124882.jpg,로제프란츠,Linen Knit Cardigan,여성_치마,1,-1,7,9,5,42230,39.0,68,1923,0.6932,0.2809
F_skirt_p04_3191545.jpg,튜드먼트,SHEER RIB CARDIGAN,여성_치마,1,-1,7,11,5,67320,32.0,55,2190,0.3708,0.3279
F_skirt_p04_3266750.jpg,하네,시어 울 엔케이스 가디건,여성_치마,1,-1,7,0,4,74800,32.0,17,1532,0.6246,0.3698
F_skirt_p04_3273275.jpg,시눈,Double Button Cardigan (Pink),여성_치마,1,-1,7,7,5,106200,10.0,21,1153,0.7188,0.4388
F_skirt_p04_3333454.jpg,르,ribbed cap sleeveless knit top (light blue),여성_치마,1,-1,7,10,2,43380,66.0,94,5247,0.3426,0.3111
F_skirt_p04_3338065.jpg,세터,(W) 시어 린넨 롱 슬리브 가디건 라벤더,여성_치마,1,-1,7,10,4,83400,40.0,9,665,0.2914,0.6025
F_skirt_p04_3512922.jpg,포 유어 아이즈 온리,Melo Crochet Pullover (Cream),여성_치마,1,-1,7,0,5,120700,15.0,16,566,0.5411,0.4702
F_skirt_p04_3743641.jpg,웬즈데이오아시스,Nevil Sleeveless Cardigan Knit Set_SOFT BEIGE(WC26-SET01),여성_치마,1,-1,7,0,4,60590,39.0,6,540,0.5553,0.3139
F_skirt_p04_3743644.jpg,웬즈데이오아시스,Momo Hairy Round Cardigan_BLACK(WC26KN40),여성_치마,1,-1,7,1,6,37950,39.0,10,3241,0.3204,0.6558
F_skirt_p04_3748613.jpg,미치코런던 코시노,Lace Ruffle Cardigan Set Lilac,여성_치마,1,-1,7,8,5,63800,19.0,24,1317,0.8347,0.3864
F_skirt_p04_3762377.jpg,노운베러,Lace point cardigan,여성_치마,1,-1,7,0,4,58630,37.0,8,443,0.5056,0.5694
F_skirt_p04_3770129.jpg,아르토,Layered Henley Neck Knit,여성_치마,1,-1,7,10,5,156000,0.0,35,1348,0.3853,0.7413
F_skirt_p04_3771139.jpg,타버트,Ribbed Square Halter Top - Ivory,여성_치마,1,-1,7,10,2,38000,0.0,2,408,0.7303,0.4172
F_skirt_p04_3776303.jpg,로라로라,LACE V NECK KNIT PINK,여성_치마,1,-1,7,7,5,64720,27.0,21,1920,0.2764,0.3345
F_skirt_p04_3789171.jpg,퀸스래빗,Smood Wrap Cardigan Bustier Set,여성_치마,1,-1,7,0,5,71960,27.0,1,692,0.6772,0.5064
F_skirt_p04_3792898.jpg,유라고,Ribbed wrap cardigan,여성_치마,1,-1,7,10,5,37180,31.0,7,388,0.3715,0.3876
F_skirt_p04_3799923.jpg,락피쉬웨더웨어,SHEER BOLERO SET SLEEVELESS - 4 colors,여성_치마,1,-1,7,10,4,59850,21.0,3,1018,0.4851,0.2798
F_skirt_p04_3801884.jpg,오디에스,Limited U Neck Cardigan (Soft Mint),여성_치마,1,-1,7,4,1,78760,28.0,8,590,0.4669,0.4204
F_skirt_p04_3802066.jpg,체,Amber Cardigan Set - Light Blue,여성_치마,1,-1,7,4,5,151300,15.0,2,631,0.469,0.4812
F_skirt_p04_3809229.jpg,망고매니플리즈,AMON LACE KNIT,여성_치마,1,-1,7,0,5,84550,15.0,5,1427,0.7304,0.2224
F_skirt_p04_3821407.jpg,아우어솔티,Love Scallop Cardigan / Cream Ivory,여성_치마,1,-1,7,10,5,76500,15.0,0,323,0.591,0.3879
F_skirt_p04_3823322.jpg,페세스,Cotton v-neck knit (Oatmeal),여성_치마,1,-1,7,4,5,121500,10.0,16,422,0.3549,0.5835
F_skirt_p04_3831159.jpg,르바,Light Linen Cardigan - Light Pink,여성_치마,1,-1,7,7,5,67320,24.0,2,497,0.4676,0.334
F_skirt_p04_3875990.jpg,시야쥬,SIKN2143 버튼 코튼 반팔 니트,여성_치마,1,-1,7,10,1,68440,29.0,0,166,0.3444,0.3446
F_skirt_p04_3876627.jpg,낫띵리튼,Vintage button cardigan (Oatmeal),여성_치마,1,-1,7,10,4,79000,0.0,2,306,0.6698,0.5678
F_skirt_p05_2487188.jpg,몽돌,골지 스퀘어넥 반팔 니트,여성_치마,1,-1,7,10,1,29380,39.0,490,5594,0.7978,0.3407
F_skirt_p05_2737607.jpg,몽돌,오프숄더 버튼다운 긴팔 니트 탑,여성_치마,1,-1,7,10,1,24640,46.0,841,12727,0.3204,0.5653
F_skirt_p05_2763463.jpg,몽돌,골지 라운드넥 가디건 아이보리,여성_치마,1,-1,7,10,5,24640,46.0,250,5640,0.428,0.2226
F_skirt_p05_3063932.jpg,아르토,Bolero Knit Set,여성_치마,1,-1,7,10,3,108000,0.0,111,3630,0.8173,0.3794
F_skirt_p05_3075861.jpg,로에일,타이 랩 뷔스티에 베스트 - 차콜,여성_치마,1,-1,7,4,4,29400,51.0,163,5409,0.3277,0.6089
F_skirt_p05_3089333.jpg,로제프란츠,Nickel Round Cardigan,여성_치마,1,-1,7,1,5,39780,39.0,30,683,0.3496,0.4851
F_skirt_p05_3091069.jpg,로우클래식,LOW TENCEL BLEND ROUND CARDIGAN,여성_치마,1,-1,7,10,5,79000,0.0,207,3587,0.2985,0.4384
F_skirt_p05_3170223.jpg,베뉴엣,Renee Knit,여성_치마,1,-1,7,10,5,79950,19.0,124,1332,0.388,0.5456
F_skirt_p05_3391835.jpg,튜드먼트,LACE COLLAR KNIT CARDIGAN,여성_치마,1,-1,7,10,4,84150,15.0,266,10842,0.5492,0.3541
F_skirt_p05_3410043.jpg,108파운드,Mellow Knit T-Shirt,여성_치마,1,-1,7,6,1,56460,31.0,31,1804,0.3475,0.294
F_skirt_p05_3411532.jpg,가니송,Halter Neck Knit Cardigan Set,여성_치마,1,-1,7,10,5,108740,23.0,36,2591,0.5694,0.4578
F_skirt_p05_3419910.jpg,로라로라,ONE OFF SHOULDER STRIPE WOOL BLENDED CARDIGAN BLUE,여성_치마,1,-1,7,4,5,68090,23.0,71,4416,0.3162,0.7252
F_skirt_p05_3727250.jpg,기호,LEU FRILL KNIT / GREY,여성_치마,1,-1,7,4,1,88200,10.0,37,2112,0.4883,0.2878
F_skirt_p05_3730114.jpg,튜드먼트,CROPPED ROUND KNIT CARDIGAN,여성_치마,1,-1,7,10,6,63420,19.0,34,2281,0.5367,0.4633
F_skirt_p05_3742345.jpg,던스트,ESSENTIAL CREWNECK KNIT CARDIGAN OLIVE GREEN,여성_치마,1,-1,7,5,4,85950,21.0,8,1220,0.9117,0.7193
F_skirt_p05_3749577.jpg,로라로라,OPEN COLLAR KNIT PULLOVER LIGHT GRAY,여성_치마,1,-1,7,10,5,66350,25.0,20,1316,0.4576,0.4673
F_skirt_p05_3752465.jpg,미나수,Unisex Wave Logo Crochet Half Shirt,여성_치마,1,-1,7,10,5,84150,15.0,31,1945,0.7303,0.4891
F_skirt_p05_3754547.jpg,와이 이,Fringe Open Cardigan - Beige,여성_치마,1,-1,7,0,1,141500,5.0,6,585,0.2385,0.5485
F_skirt_p05_3770757.jpg,미치코런던 코시노,V-neck Textured Knit Cardigan Blue,여성_치마,1,-1,7,4,5,58140,19.0,50,2962,0.4284,0.4704
F_skirt_p05_3778744.jpg,킨더살몬,Tylor Mockneck Knit Ecru,여성_치마,1,-1,7,10,5,149000,0.0,5,1080,0.546,0.4496
F_skirt_p05_3779648.jpg,다이애그널,GLITTERING SHORT SLEEVE CARDIGAN,여성_치마,1,-1,7,10,5,84550,15.0,7,858,0.7028,0.3013
F_skirt_p05_3792717.jpg,더릴,Lash Knit Vest,여성_치마,1,-1,7,10,5,95200,15.0,30,2026,0.4807,0.3518
F_skirt_p05_3801921.jpg,체,Deep V-Neck Knit Set - Sky Blue,여성_치마,1,-1,7,4,5,159000,16.0,8,881,0.6111,0.5053
F_skirt_p05_3805817.jpg,르,cashmere whole garment v-neck knit pullover,여성_치마,1,-1,7,10,5,37870,62.0,8,326,0.5093,0.6712
F_skirt_p05_3857878.jpg,프리버07,See-through long sleeve knit,여성_치마,1,-1,7,10,5,59900,31.0,3,652,0.6549,0.6554
F_skirt_p05_3859051.jpg,아치 더,Wool & Cashmere Blend Knitted Top (Grey),여성_치마,1,-1,7,10,3,158000,0.0,0,121,0.3049,0.4578
F_skirt_p05_3865810.jpg,시야쥬,SIKN2136 클래식 카라 니트,여성_치마,1,-1,7,10,1,68440,29.0,4,208,0.452,0.4677
F_skirt_p05_3876566.jpg,낫띵리튼,"Ciao v-neck pullover (Gray, W)",여성_치마,1,-1,7,10,5,169000,0.0,0,256,0.4246,0.4808
F_skirt_p06_2107606.jpg,루시르주,Back button Half Cardigan,여성_치마,1,-1,7,10,1,64090,31.0,172,6057,0.5694,0.3965
F_skirt_p06_2273496.jpg,마가린 핑거스,CABLE PUNCHING HALF KNIT,여성_치마,1,-1,7,10,1,65000,0.0,192,6791,0.6385,0.418
F_skirt_p06_2624704.jpg,유라고,Loose linen boatneck knit,여성_치마,1,-1,7,0,4,56690,27.0,256,9092,0.5785,0.5084
F_skirt_p06_3054111.jpg,아르토,Rope Cable V-Neck Cardigan,여성_치마,1,-1,7,10,4,136000,0.0,211,4097,0.3262,0.2227
F_skirt_p06_3100428.jpg,시야쥬,SIKN2048 크롭 카라 가디건,여성_치마,1,-1,7,10,4,69260,25.0,147,3811,0.5982,0.327
F_skirt_p06_3105052.jpg,르바,Summer Wave Cardigan - Light Green,여성_치마,1,-1,7,5,4,62980,24.0,54,3424,0.9238,0.3541
F_skirt_p06_3273255.jpg,시눈,Double Button Cardigan (Green),여성_치마,1,-1,7,11,4,106200,10.0,38,1392,0.6596,0.3877
F_skirt_p06_3415719.jpg,몽돌,루즈 알파카 보트넥 니트 탑 그레이,여성_치마,1,-1,7,10,1,29350,50.0,40,1467,0.4747,0.4237
F_skirt_p06_3478798.jpg,더콜디스트모먼트,TCM stripe hooded zip-up,여성_치마,1,-1,7,1,5,91040,23.0,36,3035,0.4137,0.366
F_skirt_p06_3729514.jpg,쥬시쥬디,플라워프린트니트가디건 J1KT020L,여성_치마,1,-1,7,10,3,51300,35.0,18,526,0.5534,0.3746
F_skirt_p06_3749579.jpg,로라로라,OPEN COLLAR KNIT PULLOVER PINK,여성_치마,1,-1,7,7,5,66350,25.0,22,1750,0.3235,0.3013
F_skirt_p06_3751588.jpg,이어닝,LACE CARDIGAN SLEEVELESS SET IVORY,여성_치마,1,-1,7,10,5,88500,25.0,0,517,0.2246,0.5739
F_skirt_p06_3751743.jpg,파르티멘토 우먼,PWC RIBBED EVERYDAY SHORT SLEEVE TEE,여성_치마,1,-1,7,10,6,18870,35.0,131,2349,0.3129,0.5186
F_skirt_p06_3762368.jpg,노운베러,Heart round knit,여성_치마,1,-1,7,10,5,62010,37.0,8,837,0.4633,0.4578
F_skirt_p06_3768109.jpg,어반디타입,리버사이드 시티 티셔츠,여성_치마,1,-1,7,10,5,28180,42.0,26,903,0.3621,0.5285
F_skirt_p06_3787697.jpg,포 유어 아이즈 온리,Suri Ribbed V-neck Knit (Deep Olive),여성_치마,1,-1,7,10,5,83980,19.0,19,528,0.6705,0.7404
F_skirt_p06_3799120.jpg,포에브,Boucle V-Neck Zip-Up Cardigan,여성_치마,1,-1,7,10,1,41820,49.0,13,845,0.3955,0.5694
F_skirt_p06_3802593.jpg,베뉴엣,Scone Knit,여성_치마,1,-1,7,1,5,79950,19.0,54,1522,0.2477,0.4804
F_skirt_p06_3802655.jpg,베뉴엣,Scone Knit,여성_치마,1,-1,7,10,1,79950,19.0,23,737,0.4593,0.3705
F_skirt_p06_3804144.jpg,코어드,Collar cable knit cardigan,여성_치마,1,-1,7,10,5,93410,15.0,8,485,0.3155,0.347
F_skirt_p06_3807936.jpg,모이아,paper round knit,여성_치마,1,-1,7,0,3,149000,0.0,9,339,0.675,0.3137
F_skirt_p06_3811161.jpg,파사드패턴,코튼 보트넥 니트,여성_치마,1,-1,7,10,5,168000,0.0,46,554,0.421,0.5671
F_skirt_p06_3811162.jpg,파사드패턴,코튼 보트넥 니트,여성_치마,1,-1,7,0,5,168000,0.0,30,493,0.5126,0.3117
F_skirt_p06_3820342.jpg,가니송,Halter Neck Knit Cardigan Set,여성_치마,1,-1,7,10,4,108740,23.0,9,615,0.6766,0.5847
F_skirt_p06_3838131.jpg,론크,RONQUE CUT-OUT CABLE CARDIGAN,여성_치마,1,-1,7,10,6,86450,28.0,0,453,0.2281,0.5975
F_skirt_p06_3857723.jpg,프리버07,Lace sleeveless cardigan set FRSP06CD02,여성_치마,1,-1,7,10,5,69900,31.0,2,367,0.4431,0.4287
F_skirt_p06_3876570.jpg,낫띵리튼,"Ciao v-neck pullover (Black, W)",여성_치마,1,-1,7,1,6,169000,0.0,1,189,0.6273,0.6558
F_skirt_p06_3876603.jpg,낫띵리튼,Hella jacquard cardigan (Oatmeal),여성_치마,1,-1,7,0,5,189000,0.0,1,189,0.3702,0.4106
F_skirt_p06_3896753.jpg,노운베러,Loose-fit paper knit,여성_치마,1,-1,7,0,5,70230,31.0,5,2601,0.6275,0.5985
F_top_p01_2123023.jpg,코즈넉,캡 내장 심리스 쿨링 크롭 레이어드 이너 나시 수면브라 끈나시,여성_상의,1,0,4,10,5,7200,27.0,4445,49483,0.5981,0.6759
F_top_p01_2583506.jpg,온앤온,하프 소매 타이 블라우스 NEW6XBC01,여성_상의,1,0,4,1,1,130310,40.0,89,7512,0.4529,0.2479
F_top_p01_2605280.jpg,아틀리에 나인,LOND WAIST TUCK BLOUSE (Z-BL-4225),여성_상의,1,0,4,1,3,39570,19.0,1849,56906,0.4462,0.384
F_top_p01_2746755.jpg,아르토,Essential Boat Neck Tee,여성_상의,1,0,4,10,3,36000,0.0,1192,23363,0.8394,0.4328
F_top_p01_2809438.jpg,아틀리에 나인,LOND2 WAIST TUCK BLOUSE (Z-BL-4287),여성_상의,1,0,4,10,2,50150,15.0,589,41030,0.7062,0.266
F_top_p01_3145892.jpg,하네,텐셀 글로우 시어셔츠 5Color,여성_상의,1,0,4,10,4,58140,39.0,746,20255,0.2336,0.3713
F_top_p01_3185392.jpg,몽돌,에센셜 라운드넥 반팔 티셔츠,여성_상의,1,0,4,6,1,25480,31.0,406,17762,0.4118,0.5407
F_top_p01_3191643.jpg,튜드먼트,50s EMBROIDERED T-SHIRT,여성_상의,1,0,4,6,5,33920,19.0,1108,20740,0.2636,0.7515
F_top_p01_3224844.jpg,몽돌,캡 내장 골지 스퀘어넥 코튼 이너 나시,여성_상의,1,0,4,0,1,22730,31.0,209,7019,0.2253,0.4494
F_top_p01_3259347.jpg,썸웨어버터,Boat neck Pendant Top - 6Color,여성_상의,1,0,4,10,5,27300,30.0,247,21386,0.4352,0.3998
F_top_p01_3259431.jpg,몽돌,에센셜 라운드넥 반팔 티셔츠,여성_상의,1,0,4,5,5,39630,46.0,205,5767,0.3641,0.7395
F_top_p01_3348918.jpg,어랜,Ruffle floral open blouse,여성_상의,1,0,4,6,1,113380,27.0,94,10486,0.4138,0.3837
F_top_p01_3354267.jpg,브론슨,Tompkins Loopwheeled Tubular Tee 4 Color,여성_상의,1,0,4,10,5,34430,23.0,554,3180,0.4278,0.6571
F_top_p01_3442316.jpg,비터셀즈,Oversized Essential Shirt-Ivory,여성_상의,1,0,4,10,1,44240,25.0,174,17810,0.6446,0.4309
F_top_p01_3628013.jpg,썸웨어버터,Raglan Campus Logo Long Top - Grey(Navy),여성_상의,1,0,4,10,1,34300,30.0,316,14998,0.2843,0.4908
F_top_p01_3748753.jpg,미치코런던 코시노,Light Oversized Check Shirts Blue / Black,여성_상의,1,0,4,6,4,58140,19.0,94,11660,0.2989,0.4439
F_top_p01_3754900.jpg,프리버07,V-neck punching lace blouse,여성_상의,1,0,4,10,1,73670,31.0,197,26308,0.4777,0.5142
F_top_p01_3770791.jpg,미치코런던 코시노,Deep Button Collar Neck Top Melange Grey,여성_상의,1,0,4,10,4,41190,19.0,49,5762,0.5635,0.4654
F_top_p01_3770962.jpg,미치코런던 코시노,Glow Jacquard Tie Blouse Pink,여성_상의,1,0,4,7,5,50070,19.0,32,2985,0.767,0.3346
F_top_p01_3777277.jpg,108파운드,Picnic Check Shirt,여성_상의,1,0,4,4,1,56460,31.0,63,4772,0.3291,0.7675
F_top_p01_3792296.jpg,더릴,Spring Mare Frill Blouse,여성_상의,1,0,4,10,4,101150,15.0,152,12714,0.6583,0.2432
F_top_p01_3798217.jpg,어랜,Cut-off one shoulder sweatshirt,여성_상의,1,0,4,10,1,61780,27.0,46,6398,0.3286,0.2794
F_top_p01_3799962.jpg,락피쉬웨더웨어,RIBBON TIED SLEEVELESS - 4 colors,여성_상의,1,0,4,10,1,32130,25.0,5,3462,0.2394,0.3962
F_top_p01_3813872.jpg,트위,베런 홀터넥 나시 긴팔 티셔츠 세트,여성_상의,1,0,4,4,5,33530,44.0,39,6000,0.3607,0.9327
F_top_p01_3853196.jpg,비터셀즈,Rose Petal Tee-Olive,여성_상의,1,0,4,6,6,34830,29.0,33,5038,0.3963,0.246
F_top_p01_3853199.jpg,비터셀즈,Rose Petal Tee-White,여성_상의,1,0,4,4,6,34830,29.0,41,2870,0.3995,0.6377
F_top_p01_3866099.jpg,제너럴아이디어,WOMAN 썸머 루즈핏 래글런 핀턱 블라우스 / GF2LBL514,여성_상의,1,0,4,1,6,36720,32.0,13,1254,0.3473,0.3635
F_top_p01_3866102.jpg,제너럴아이디어,WOMAN 썸머 루즈핏 래글런 핀턱 블라우스 / GF2LBL514,여성_상의,1,0,4,10,1,36720,32.0,11,21495,0.556,0.5343
F_top_p01_3902513.jpg,하네,도트 스트랩 프릴 블라우스 2Color,여성_상의,1,0,4,1,1,52790,39.0,12,2924,0.6577,0.3305
F_top_p01_993892.jpg,이스트로그 퍼머넌트,ONE POCKET T-SHIRT new ver.,여성_상의,1,0,4,10,5,45600,5.0,2124,10503,0.3045,0.7409
F_top_p02_1985434.jpg,모헤,MHE signature tee _ 11color,여성_상의,1,0,4,10,1,28000,20.0,6881,68091,0.3318,0.2366
F_top_p02_3035782.jpg,레터프롬문,리브 홀터넥 레이어드 티셔츠 ( 네이비 ),여성_상의,1,0,4,10,5,49130,28.0,94,23799,0.4022,0.3468
F_top_p02_3079603.jpg,어랜,Draped tie blouse,여성_상의,1,0,4,1,1,110470,27.0,586,40150,0.4098,0.386
F_top_p02_3210491.jpg,이아,SHEER LINE SHIRT,여성_상의,1,0,4,0,5,128000,0.0,77,2938,0.7187,0.4942
F_top_p02_3378146.jpg,비터셀즈,Oversized Connie Check Shirt-Black,여성_상의,1,0,4,4,6,42280,35.0,298,9441,0.4735,0.7783
F_top_p02_3436508.jpg,미치코런던 코시노,SOFT TOUCH CHECK SHIRTS NAVY CHECK,여성_상의,1,0,4,10,4,50070,19.0,315,11652,0.1738,0.5366
F_top_p02_3444277.jpg,썸웨어버터,Wave Logo Raglan Long Top - White Melange(Navy),여성_상의,1,0,4,10,1,48300,30.0,509,24410,0.3916,0.4499
F_top_p02_3598810.jpg,108파운드,Base Crop Tee,여성_상의,1,0,4,10,1,46820,31.0,431,8561,0.2526,0.3409
F_top_p02_3701951.jpg,녹섭,modern ribbon blouse,여성_상의,1,0,4,1,2,130130,31.0,223,5299,0.6339,0.2276
F_top_p02_3748861.jpg,미치코런던 코시노,3/4 Sleeve Slim Fit Shirts White,여성_상의,1,0,4,4,1,50880,19.0,28,3091,0.615,0.3
F_top_p02_3751107.jpg,이아,COWL NECK BLOUSE,여성_상의,1,0,4,0,5,95000,0.0,352,6541,0.3129,0.2291
F_top_p02_3759007.jpg,모멧,허밍 린넨 셔링 블라우스 핑크,여성_상의,1,0,4,0,5,78880,32.0,41,3371,0.6982,0.6322
F_top_p02_3762609.jpg,틸아이다이,Ray overfit check shirt,여성_상의,1,0,4,9,6,86490,27.0,59,4169,0.2982,0.4858
F_top_p02_3774888.jpg,드멜리,Linkle Curly Blouse_ Sky Blue,여성_상의,1,0,4,4,1,61200,15.0,205,5320,0.428,0.4578
F_top_p02_3802082.jpg,체,Amber Shirt - Charcoal,여성_상의,1,0,4,1,5,151300,15.0,3,1428,0.6389,0.279
F_top_p02_3809238.jpg,망고매니플리즈,ONCE FRILL BLOUSE,여성_상의,1,0,4,10,1,92650,15.0,18,3994,0.5602,0.3084
F_top_p02_3812250.jpg,아워코모스,comos 1685 high-neck stripe blouse (sky blue),여성_상의,1,0,4,6,1,85510,33.0,3,2378,0.396,0.6937
F_top_p02_3813875.jpg,트위,르벨 시스루 카라 골지 긴팔 티셔츠,여성_상의,1,0,4,4,1,44030,37.0,5,4136,0.4048,0.4237
F_top_p02_3832028.jpg,몽돌,에센셜 레이어드 반팔 티셔츠,여성_상의,1,0,4,4,5,28920,31.0,21,2557,0.302,0.6605
F_top_p02_995877.jpg,파사드패턴,실켓 코튼 티셔츠,여성_상의,1,0,4,0,5,58000,0.0,5558,33587,0.6659,0.5792
F_top_p03_2505156.jpg,파르티멘토 우먼,PW DOUBLE LAYERED LONG SLEEVE TEE,여성_상의,1,0,4,1,5,31870,35.0,1982,21311,0.4365,0.4724
F_top_p03_2665552.jpg,오떼뜨,DRAPE HALF SLEEVE T,여성_상의,1,0,4,10,2,34890,27.0,187,9178,0.3591,0.2208
F_top_p03_3044990.jpg,썸웨어버터,Boucle Heart Logo Top - Ivory,여성_상의,1,0,4,10,4,33600,30.0,283,10258,0.4999,0.4165
F_top_p03_3075394.jpg,아르토,Frill Pintuck Blouse,여성_상의,1,0,4,10,3,128000,0.0,124,5031,0.6625,0.2841
F_top_p03_3103084.jpg,파르티멘토 우먼,PWC BABY TEE,여성_상의,1,0,4,1,5,18210,35.0,84,3313,0.3705,0.627
F_top_p03_3163859.jpg,트위,포에지 빅 레터링 자수 티셔츠,여성_상의,1,0,4,9,5,26530,34.0,185,7801,0.4529,0.3566
F_top_p03_3219332.jpg,어랜,Button point cap sleeve top,여성_상의,1,0,4,10,1,42160,27.0,177,12280,0.3203,0.2897
F_top_p03_3263657.jpg,파르티멘토,Breeze Tee Charcoal,여성_상의,1,0,4,1,6,30520,32.0,467,6835,0.449,0.6576
F_top_p03_3334274.jpg,꼼파뇨,테디스 케이크 반팔티 크림,여성_상의,1,0,4,10,6,23870,54.0,86,4733,0.318,0.4356
F_top_p03_3378132.jpg,비터셀즈,Oversized Sasha Stripe Shirt-Pink,여성_상의,1,0,4,7,5,48740,25.0,71,4322,0.3224,0.55
F_top_p03_3437541.jpg,씨타,Wool Blend Comfort-Fit Waffle Long-sleeve T-shirt,여성_상의,1,0,4,10,5,30430,43.0,254,4573,0.4852,0.386
F_top_p03_3451102.jpg,비바셔스,Cencel See-Through Classic Shirt - 6COL,여성_상의,1,0,4,10,1,26520,49.0,1316,21124,0.763,0.5997
F_top_p03_3462452.jpg,비바셔스,Cencel See-Through Classic Shirt - 6COL,여성_상의,1,0,4,4,4,26520,49.0,735,12351,0.2078,0.509
F_top_p03_3508461.jpg,오끼뜨,아이러브홈 패치워크 스탠다드핏 티셔츠,여성_상의,1,0,4,10,6,24480,32.0,669,10524,0.2562,0.5196
F_top_p03_3715908.jpg,메리온,퓨렌 드레이프 블라우스,여성_상의,1,0,4,7,1,70380,24.0,106,6275,0.7954,0.4365
F_top_p03_3718179.jpg,루에브르,Draped String T-shirt SW6SE641,여성_상의,1,0,4,10,5,53120,33.0,115,8323,0.4066,0.5302
F_top_p03_3735003.jpg,노운베러,Crinkle strap blouse,여성_상의,1,0,4,10,1,73080,37.0,34,3678,0.4725,0.7249
F_top_p03_3738396.jpg,레이브,Dot Rose Graphic T-shirts VW6ME434,여성_상의,1,0,4,10,6,49300,15.0,105,2127,0.3015,0.2792
F_top_p03_3749973.jpg,어반디타입,빈티지 코티지 체크 셔츠,여성_상의,1,0,4,6,1,41650,29.0,18,2789,0.6218,0.3687
F_top_p03_3756989.jpg,라메레이,Linkle High-Neck Cap Sleeve Blouse-Cream,여성_상의,1,0,4,10,3,104170,19.0,30,4718,0.4094,0.2715
F_top_p03_3765290.jpg,몽돌,텐셀 시스루 루즈핏 셔츠 라이트핑크,여성_상의,1,0,4,0,4,49580,31.0,16,2154,0.7125,0.6051
F_top_p03_3773142.jpg,가니송,Back Ribbon Collar Blouse,여성_상의,1,0,4,1,4,100300,23.0,33,1487,0.5904,0.3015
F_top_p03_3789216.jpg,가더,Sage Blouse (Ivory),여성_상의,1,0,4,10,3,77520,19.0,23,3508,0.313,0.2642
F_top_p03_3803235.jpg,코어드,Standard oxford washed shirt (sky blue),여성_상의,1,0,4,4,4,75100,19.0,44,3043,0.385,0.5585
F_top_p03_3806813.jpg,파르티멘토 우먼,PWC BALLOON TUBE TOP,여성_상의,1,0,4,1,3,27320,35.0,20,833,0.3685,0.472
F_top_p03_3807043.jpg,호쿠스포쿠스,Essential Scoop Neck T-Shirt & 3/4 Sleeve T-Shirt,여성_상의,1,0,4,10,5,57340,19.0,42,3239,0.3523,0.9628
F_top_p03_3807644.jpg,더스,아야 슬림 피케 탑 - 베이지,여성_상의,1,0,4,10,4,47430,24.0,36,2115,0.6369,0.4005
F_top_p03_3838280.jpg,론크,RUFFLE V-NECK STRAP BLOUSE,여성_상의,1,0,4,10,1,94350,36.0,0,1383,0.4118,0.3141
F_top_p03_3853210.jpg,비터셀즈,Ruby Berry Tee-Lavender,여성_상의,1,0,4,7,6,31280,29.0,16,1674,0.5822,0.6749
F_top_p03_3865461.jpg,유라고,Haive U-neck t-shirt,여성_상의,1,0,4,10,5,26900,27.0,19,1419,0.3566,0.2661
F_top_p03_3866097.jpg,제너럴아이디어,WOMAN 썸머 루즈핏 래글런 핀턱 블라우스 / GF2LBL514,여성_상의,1,0,4,0,5,36720,32.0,5,663,0.6475,0.3939
F_top_p03_3906564.jpg,아틀리에 나인,_ONE SHOULDER DRAPE SLEEVELESS (T-7205),여성_상의,1,0,4,10,5,47650,19.0,7,2639,0.2976,0.2912
F_top_p03_3908071.jpg,하네,프레셔 스트라이프 시어셔츠 3Color,여성_상의,1,0,4,10,1,60440,39.0,0,758,0.4513,0.5228
F_top_p04_2460779.jpg,링서울,stripe shirring volume blouse,여성_상의,1,0,4,10,4,73270,15.0,1155,17284,0.6333,0.3194
F_top_p04_3027084.jpg,비터셀즈,Fuse Stripe Shirt-Light Pink,여성_상의,1,0,4,11,4,44240,25.0,757,15427,0.2594,0.4014
F_top_p04_3056753.jpg,몽돌,텐셀 시스루 루즈핏 셔츠 차콜,여성_상의,1,0,4,10,1,49580,31.0,215,4829,0.4145,0.5236
F_top_p04_3086157.jpg,시야쥬,SITP5191 아카이브 하운드 프린팅 반팔티,여성_상의,1,0,4,10,1,30340,29.0,418,5559,0.3981,0.4336
F_top_p04_3229626.jpg,루에브르,Cowl Halter Layered Jersey Top SW6XE242,여성_상의,1,0,4,10,5,44080,25.0,146,4504,0.9106,0.4364
F_top_p04_3322447.jpg,포에트서울,checked puff sleeve blouse,여성_상의,1,0,4,10,7,66560,23.0,27,5662,0.2853,0.3916
F_top_p04_3411200.jpg,시야쥬,SITP5224 스탠다드 라인 하프 셔츠,여성_상의,1,0,4,1,5,61380,29.0,81,2573,0.8524,0.3541
F_top_p04_3441638.jpg,비바셔스,Cencel See-Through Classic Shirt - 6COL,여성_상의,1,0,4,4,5,26520,49.0,131,2341,0.4385,0.7601
F_top_p04_3442298.jpg,비터셀즈,Oversized Essential Shirt-Light Pink,여성_상의,1,0,4,7,5,44240,25.0,217,11440,0.3404,0.4285
F_top_p04_3619827.jpg,아우로,FLORAL JERSEY BLOUSE,여성_상의,1,0,4,10,4,83390,23.0,123,4990,0.8127,0.1922
F_top_p04_3684844.jpg,시눈,Lace Halter T-Shirt (White),여성_상의,1,0,4,10,1,38000,0.0,46,1973,0.6166,0.2078
F_top_p04_3717268.jpg,비터셀즈,Ella Pintuck Blouse-Black,여성_상의,1,0,4,1,1,56150,29.0,11,3536,0.329,0.3255
F_top_p04_3717343.jpg,비터셀즈,Essential Long&3/4 Sleeve Tee-9colors,여성_상의,1,0,4,10,5,47740,39.0,47,4006,0.5306,0.6612
F_top_p04_3738002.jpg,룩캐스트,로렐 브이넥 셔링 블라우스_아이보리 / LAUREL V-NECK SHIRRING BLOUSE,여성_상의,1,0,4,10,1,87200,20.0,75,4171,0.6865,0.4907
F_top_p04_3751105.jpg,이아,COWL NECK BLOUSE,여성_상의,1,0,4,0,2,95000,0.0,268,5205,0.3702,0.4343
F_top_p04_3774587.jpg,아워호프,시어 하프넥 플리츠 블라우스 - Black,여성_상의,1,0,4,1,5,34430,23.0,5,1564,0.3236,0.4431
F_top_p04_3777762.jpg,썸웨어버터,21 Square Logo Top - Yellow,여성_상의,1,0,4,6,6,27300,30.0,57,7185,0.4202,0.5137
F_top_p04_3789022.jpg,오피쉬,"Dear Button Check Shirt, Sky Blue",여성_상의,1,0,4,4,1,42280,35.0,14,1851,0.54,0.3972
F_top_p04_3789133.jpg,포에트서울,Bunny Frill Blouse,여성_상의,1,0,4,4,4,79560,24.0,29,2727,0.5364,0.6657
F_top_p04_3792809.jpg,유라고,Ruffle eyelet sleeveless,여성_상의,1,0,4,10,4,33440,27.0,23,1668,0.7675,0.2886
F_top_p04_3795634.jpg,미세키서울,Folding collar shirring top CHARCOAL,여성_상의,1,0,4,1,1,74100,5.0,0,2682,0.5418,0.5815
F_top_p04_3805472.jpg,코어드,Cozy soft t-shirt (green tea),여성_상의,1,0,4,0,5,36340,19.0,37,2325,0.2427,0.7576
F_top_p04_3811101.jpg,파사드패턴,코튼 시어 슬리브리스 블라우스,여성_상의,1,0,4,10,5,128000,0.0,14,534,0.4308,0.3927
F_top_p04_3818579.jpg,더바넷,Renelle Lace Tie Blouse,여성_상의,1,0,4,4,1,92340,15.0,23,1909,0.6279,0.4709
F_top_p04_3818779.jpg,더바넷,Pevia Frill Pintuck Blouse,여성_상의,1,0,4,10,5,100890,15.0,37,2149,0.4876,0.2866
F_top_p04_3827985.jpg,르바,Collar Layered Shirts - Sky Blue,여성_상의,1,0,4,4,6,113050,23.0,10,1316,0.3644,0.4074
F_top_p04_3853234.jpg,비터셀즈,Timber Rose Tee-Charcoal,여성_상의,1,0,4,6,6,31280,29.0,13,1208,0.6019,0.242
F_top_p04_3869906.jpg,비터셀즈,Vintage Apple Tee-White,여성_상의,1,0,4,9,7,31280,29.0,7,2128,0.2733,0.3961
F_top_p04_3869907.jpg,비터셀즈,Rose Petal Tee-Pigment Charcoal,여성_상의,1,0,4,8,6,34830,29.0,14,1473,0.3161,0.3308
F_top_p04_3871779.jpg,아틀리에 나인,VINTAGE LOGO PIGMENT TEE (T-7161),여성_상의,1,0,4,5,6,47650,19.0,4,1867,0.5551,0.651
F_top_p04_3871979.jpg,잇미샤,잇미샤 드레이프 카울넥 블라우스 ITQ5ZBL880,여성_상의,1,0,4,1,1,102170,21.0,6,1076,0.4686,0.2998
F_top_p05_1574077.jpg,파사드패턴,실켓 더블 코튼 티셔츠,여성_상의,1,0,4,10,5,58000,0.0,1219,6351,0.3054,0.8398
F_top_p05_2649315.jpg,비바셔스,Cencel See-Through Classic Shirt - 6COL,여성_상의,1,0,4,10,4,26520,49.0,2204,33238,0.5114,0.7321
F_top_p05_2785073.jpg,미나수,SMALL HEARTTRACK OVER FIT TEE,여성_상의,1,0,4,10,5,33670,32.0,535,13183,0.4011,0.531
F_top_p05_2904276.jpg,콘치웨어,슬림핏 프로 티셔츠,여성_상의,1,0,4,6,5,29600,29.0,78,1241,0.2197,0.8981
F_top_p05_3033229.jpg,시야쥬,SITP5178 레귤러 핏 프레쉬 반팔 티셔츠,여성_상의,1,0,4,10,3,23290,29.0,182,2498,0.661,0.406
F_top_p05_3167608.jpg,레이브,Crown Raive Graphic T-shirt VW5ME601,여성_상의,1,0,4,10,5,52200,10.0,1376,16624,0.4817,0.3597
F_top_p05_3283409.jpg,파르티멘토 우먼,PWC LACE TUBE TOP,여성_상의,1,0,4,10,5,24790,35.0,30,1931,0.5401,0.5255
F_top_p05_3334213.jpg,파르티멘토 우먼,PWC BUTTON-UP JERSEY HALTER NECK TOP,여성_상의,1,0,4,10,1,27320,35.0,331,8089,0.2472,0.5354
F_top_p05_3378108.jpg,비터셀즈,Sarah Check Shirt-Pink,여성_상의,1,0,4,3,5,51920,12.0,87,3001,0.2786,0.3415
F_top_p05_3410562.jpg,108파운드,Reversible 3/4 Sleeve Tee,여성_상의,1,0,4,1,5,26860,31.0,290,5672,0.3044,0.2876
F_top_p05_3410563.jpg,108파운드,Reversible 3/4 Sleeve Tee,여성_상의,1,0,4,1,1,26860,31.0,240,8434,0.3306,0.4012
F_top_p05_3535239.jpg,프렙포더,Curve scarf blouse (butter beige),여성_상의,1,0,4,0,5,124950,15.0,121,9897,0.2526,0.4975
F_top_p05_3655434.jpg,미나수,HEARTTRACK BABY TEE,여성_상의,1,0,4,5,5,30600,15.0,391,12604,0.4265,0.4578
F_top_p05_3671683.jpg,플라스틱 프로덕트,MPa T-SHIRT WOMEN 5/8 순차배송,여성_상의,1,0,4,1,5,52000,20.0,22,1886,0.669,0.865
F_top_p05_3684839.jpg,시눈,Lace Halter T-Shirt (Black),여성_상의,1,0,4,1,1,38000,0.0,63,3035,0.3719,0.4243
F_top_p05_3716095.jpg,108파운드,Mellow Knit T-Shirt,여성_상의,1,0,4,4,1,56460,31.0,26,1121,0.5342,0.4443
F_top_p05_3716810.jpg,레터프롬문,노트니 라운드넥 프릴 블라우스 ( 블랙 ),여성_상의,1,0,4,1,1,72680,23.0,34,5547,0.3149,0.5906
F_top_p05_3730434.jpg,어반디타입,리버사이드 클럽 라운드 니트,여성_상의,1,0,4,10,1,15510,74.0,203,1716,0.3541,0.6015
F_top_p05_3732683.jpg,온앤온,스카시 니트 가디건 NEW6UK813,여성_상의,1,0,4,10,4,136010,43.0,3,767,0.305,0.5146
F_top_p05_3737588.jpg,수아레 우먼,(우먼)코튼 모달 라운드 하프 셔츠 니트 - 7 COLOR,여성_상의,1,0,4,4,4,33900,30.0,31,659,0.4492,0.2787
F_top_p05_3748705.jpg,미치코런던 코시노,Light Oversized Check Shirts Khaki,여성_상의,1,0,4,4,1,58140,19.0,22,1710,0.2789,0.3847
F_top_p05_3762890.jpg,텍토,Marc waffle t-shirt,여성_상의,1,0,4,1,5,55720,19.0,19,2528,0.2078,0.2872
F_top_p05_3768297.jpg,에트몽,"Linen Round Cardigan, Ivory",여성_상의,1,0,4,10,5,54910,19.0,17,1434,0.3155,0.2359
F_top_p05_3770262.jpg,프리버07,Fine wool deep v-neck knit,여성_상의,1,0,4,10,1,55080,31.0,76,3753,0.5695,0.4746
F_top_p05_3771647.jpg,루에브르,Satin Organza Layer Set Top SW6SB614-90,여성_상의,1,0,4,10,3,118780,25.0,8,2472,0.4854,0.2145
F_top_p05_3787842.jpg,포 유어 아이즈 온리,Suri Ribbed V-neck Knit (Black),여성_상의,1,0,4,1,5,83980,19.0,46,1343,0.3953,0.5132
F_top_p05_3789405.jpg,프리버07,Ruffle shirring crop blouse,여성_상의,1,0,4,10,3,65410,31.0,12,1689,0.7943,0.2565
F_top_p05_3790040.jpg,아워호프,마가렛 포스터 티셔츠 - White,여성_상의,1,0,4,10,7,37490,23.0,47,1473,0.6447,0.2757
F_top_p05_3813697.jpg,시눈,Shirring Panner Blouse (Black),여성_상의,1,0,4,1,5,138000,0.0,6,778,0.2162,0.4728
F_top_p05_3832555.jpg,룸페커,콘 브이넥 라벨링 맨투맨,여성_상의,1,0,4,6,5,35040,23.0,12,1334,0.4139,0.2588
F_top_p05_3871983.jpg,잇미샤,잇미샤 하프 슬리브 시어 블라우스 ITQ5ZBL820,여성_상의,1,0,4,1,2,125930,21.0,1,1117,0.3731,0.2883
F_top_p06_1941737.jpg,곤니치와봉쥬르,Cb NERD Checked Shirts,여성_상의,1,0,4,10,5,34860,48.0,565,10291,0.2668,0.6356
F_top_p06_2147208.jpg,비터셀즈,Wind Stripe Shirt-Blue,여성_상의,1,0,4,10,5,40490,25.0,2304,52350,0.2489,0.6638
F_top_p06_2240901.jpg,아틀리에 나인,LOND WAIST TUCK BLOUSE (Z-BL-4225),여성_상의,1,0,4,10,